Feature_ID	Proto-language	gray_ML_prediction_0	gray_ML_prediction_1	ntips_ML_gray	min_ML_gray	min_percent_ML_gray	gray_ML_prediction	Prediction	ML result (Gray et al 2009-tree posteriors)
GB020	Proto-Central Pacific	0.43611780453729265	0.5638821954627073	129	51	0.3953488372093023	Half	NA	NA
GB020	Proto-Eastern Polynesian	0.006659272336937467	0.9933407276630626	129	51	0.3953488372093023	Present	NA	NA
GB020	Proto-Oceanic	0.9593434506196602	0.040656549380339774	129	51	0.3953488372093023	Absent	NA	NA
GB020	Proto-Polynesian	0.017264912720635104	0.9827350872793649	129	51	0.3953488372093023	Present	1	True Positive
GB021	Proto-Central Pacific	0.8808359468022265	0.11916405319777347	116	42	0.3620689655172414	Absent	NA	NA
GB021	Proto-Eastern Polynesian	0.0019762839739196165	0.9980237160260804	116	42	0.3620689655172414	Present	NA	NA
GB021	Proto-Oceanic	0.9990449589557443	9.550410442556688e-4	116	42	0.3620689655172414	Absent	NA	NA
GB021	Proto-Polynesian	0.01579996492307733	0.9842000350769227	116	42	0.3620689655172414	Present	1	True Positive
GB022	Proto-Central Pacific	0.36384434099962315	0.6361556590003768	130	49	0.3769230769230769	Present	NA	NA
GB022	Proto-Eastern Polynesian	6.470353862277744e-5	0.9999352964613772	130	49	0.3769230769230769	Present	NA	NA
GB022	Proto-Oceanic	0.9489941543781858	0.051005845621814185	130	49	0.3769230769230769	Absent	1	False Negative
GB022	Proto-Polynesian	0.00619823161697758	0.9938017683830224	130	49	0.3769230769230769	Present	1	True Positive
GB023	Proto-Central Pacific	0.8013873361746677	0.19861266382533233	129	25	0.1937984496124031	Absent	NA	NA
GB023	Proto-Eastern Polynesian	0.9945583498805528	0.005441650119447179	129	25	0.1937984496124031	Absent	NA	NA
GB023	Proto-Oceanic	0.7782847330108558	0.2217152669891442	129	25	0.1937984496124031	Absent	0	True Negative
GB023	Proto-Polynesian	0.9832536410134226	0.016746358986577423	129	25	0.1937984496124031	Absent	NA	NA
GB024a	Proto-Central Pacific	0.062138829558210054	0.93786117044179	126	61	0.48412698412698413	Present	NA	NA
GB024a	Proto-Eastern Polynesian	0.006781956793724173	0.9932180432062758	126	61	0.48412698412698413	Present	NA	NA
GB024a	Proto-Oceanic	0.11550216102058213	0.8844978389794179	126	61	0.48412698412698413	Present	NA	NA
GB024a	Proto-Polynesian	0.1698669880984964	0.8301330119015036	126	61	0.48412698412698413	Present	NA	NA
GB024b	Proto-Central Pacific	0.019636553780357273	0.9803634462196428	126	49	0.3888888888888889	Present	NA	NA
GB024b	Proto-Eastern Polynesian	0.031642392278668406	0.9683576077213316	126	49	0.3888888888888889	Present	NA	NA
GB024b	Proto-Oceanic	0.006560071094759622	0.9934399289052404	126	49	0.3888888888888889	Present	NA	NA
GB024b	Proto-Polynesian	0.0028341086960376417	0.9971658913039624	126	49	0.3888888888888889	Present	NA	NA
GB025a	Proto-Central Pacific	0.9765289899246935	0.023471010075306525	125	34	0.272	Absent	NA	NA
GB025a	Proto-Eastern Polynesian	0.09959503085999868	0.9004049691400013	125	34	0.272	Present	NA	NA
GB025a	Proto-Oceanic	0.9861612161772093	0.013838783822790695	125	34	0.272	Absent	0	True Negative
GB025a	Proto-Polynesian	0.9406738881142328	0.059326111885767155	125	34	0.272	Absent	NA	NA
GB025b	Proto-Central Pacific	0.005445348513778137	0.9945546514862219	125	19	0.152	Present	NA	NA
GB025b	Proto-Eastern Polynesian	0.007436184404110477	0.9925638155958896	125	19	0.152	Present	NA	NA
GB025b	Proto-Oceanic	0.005611997999209446	0.9943880020007906	125	19	0.152	Present	1	True Positive
GB025b	Proto-Polynesian	0.003482692375089706	0.9965173076249103	125	19	0.152	Present	NA	NA
GB026	Proto-Central Pacific	NA	NA	116	0	0	NA	NA	NA
GB026	Proto-Eastern Polynesian	NA	NA	116	0	0	NA	NA	NA
GB026	Proto-Oceanic	NA	NA	116	0	0	NA	NA	NA
GB026	Proto-Polynesian	NA	NA	116	0	0	NA	NA	NA
GB027	Proto-Central Pacific	0.4210521650045589	0.5789478349954411	102	34	0.3333333333333333	Half	NA	NA
GB027	Proto-Eastern Polynesian	0.9094484828503622	0.09055151714963777	102	34	0.3333333333333333	Absent	NA	NA
GB027	Proto-Oceanic	0.1361586316445805	0.8638413683554195	102	34	0.3333333333333333	Present	NA	NA
GB027	Proto-Polynesian	0.9690810951359555	0.03091890486404449	102	34	0.3333333333333333	Absent	NA	NA
GB028	Proto-Central Pacific	0.0013404338274427717	0.9986595661725572	132	2	0.015151515151515152	Present	NA	NA
GB028	Proto-Eastern Polynesian	3.960851456988305e-4	0.9996039148543012	132	2	0.015151515151515152	Present	NA	NA
GB028	Proto-Oceanic	7.056707051134794e-4	0.9992943292948865	132	2	0.015151515151515152	Present	1	True Positive
GB028	Proto-Polynesian	4.998946346499078e-4	0.99950010536535006	132	2	0.015151515151515152	Present	1	True Positive
GB030	Proto-Central Pacific	0.9959041968858466	0.004095803114153411	131	6	0.04580152671755725	Absent	NA	NA
GB030	Proto-Eastern Polynesian	0.998557582141192	0.0014424178588081011	131	6	0.04580152671755725	Absent	NA	NA
GB030	Proto-Oceanic	0.9981924894576663	0.0018075105423338014	131	6	0.04580152671755725	Absent	0	True Negative
GB030	Proto-Polynesian	0.9982286632862284	0.0017713367137716558	131	6	0.04580152671755725	Absent	NA	NA
GB031	Proto-Central Pacific	0.008641377231384324	0.9913586227686156	130	42	0.3230769230769231	Present	NA	NA
GB031	Proto-Eastern Polynesian	0.0010781426949498356	0.9989218573050501	130	42	0.3230769230769231	Present	NA	NA
GB031	Proto-Oceanic	0.01675347774448348	0.9832465222555166	130	42	0.3230769230769231	Present	1	True Positive
GB031	Proto-Polynesian	0.0027121039654596315	0.9972878960345404	130	42	0.3230769230769231	Present	1	True Positive
GB035	Proto-Central Pacific	0.2870282890718751	0.7129717109281248	112	30	0.26785714285714285	Present	NA	NA
GB035	Proto-Eastern Polynesian	0.003109854805025815	0.9968901451949742	112	30	0.26785714285714285	Present	NA	NA
GB035	Proto-Oceanic	0.7510536151511137	0.2489463848488863	112	30	0.26785714285714285	Absent	1	False Negative
GB035	Proto-Polynesian	0.009508874777435004	0.990491125222565	112	30	0.26785714285714285	Present	1	True Positive
GB036	Proto-Central Pacific	0.9609511938750266	0.03904880612497339	111	8	0.07207207207207207	Absent	NA	NA
GB036	Proto-Eastern Polynesian	0.9971871464242923	0.0028128535757077073	111	8	0.07207207207207207	Absent	NA	NA
GB036	Proto-Oceanic	0.9562855053886948	0.043714494611305145	111	8	0.07207207207207207	Absent	NA	NA
GB036	Proto-Polynesian	0.9942417077493795	0.005758292250620529	111	8	0.07207207207207207	Absent	NA	NA
GB037	Proto-Central Pacific	0.9096685796126478	0.09033142038735223	111	11	0.0990990990990991	Absent	NA	NA
GB037	Proto-Eastern Polynesian	0.8833181282972987	0.11668187170270125	111	11	0.0990990990990991	Absent	NA	NA
GB037	Proto-Oceanic	0.9102985415543089	0.08970145844569108	111	11	0.0990990990990991	Absent	NA	NA
GB037	Proto-Polynesian	0.8937274666944827	0.10627253330551738	111	11	0.0990990990990991	Absent	NA	NA
GB038	Proto-Central Pacific	0.9583897505944254	0.041610249405574534	119	5	0.04201680672268908	Absent	NA	NA
GB038	Proto-Eastern Polynesian	0.9630296772636454	0.036970322736354554	119	5	0.04201680672268908	Absent	NA	NA
GB038	Proto-Oceanic	0.9580886630433845	0.0419113369566155	119	5	0.04201680672268908	Absent	NA	NA
GB038	Proto-Polynesian	0.9625938559005571	0.03740614409944287	119	5	0.04201680672268908	Absent	NA	NA
GB039	Proto-Central Pacific	0.8904607815698591	0.10953921843014097	119	13	0.1092436974789916	Absent	NA	NA
GB039	Proto-Eastern Polynesian	0.8924260971240652	0.10757390287593484	119	13	0.1092436974789916	Absent	NA	NA
GB039	Proto-Oceanic	0.890448455665514	0.10955154433448595	119	13	0.1092436974789916	Absent	NA	NA
GB039	Proto-Polynesian	0.8903008055464467	0.10969919445355326	119	13	0.1092436974789916	Absent	NA	NA
GB041	Proto-Central Pacific	0.9673638230253144	0.032636176974685537	96	3	0.03125	Absent	NA	NA
GB041	Proto-Eastern Polynesian	0.9673639425031103	0.03263605749688975	96	3	0.03125	Absent	NA	NA
GB041	Proto-Oceanic	0.9673638229287903	0.032636177071209714	96	3	0.03125	Absent	NA	NA
GB041	Proto-Polynesian	0.9673638328328407	0.032636167167159294	96	3	0.03125	Absent	NA	NA
GB042	Proto-Central Pacific	0.9751269871751191	0.024873012824880844	129	3	0.023255813953488372	Absent	NA	NA
GB042	Proto-Eastern Polynesian	0.9902944658920017	0.009705534107998293	129	3	0.023255813953488372	Absent	NA	NA
GB042	Proto-Oceanic	0.9744479081186659	0.025552091881334157	129	3	0.023255813953488372	Absent	NA	NA
GB042	Proto-Polynesian	0.9865481698583527	0.013451830141647338	129	3	0.023255813953488372	Absent	NA	NA
GB043	Proto-Central Pacific	0.9819610524012986	0.018038947598701387	128	2	0.015625	Absent	NA	NA
GB043	Proto-Eastern Polynesian	0.9761202509921794	0.023879749007820604	128	2	0.015625	Absent	NA	NA
GB043	Proto-Oceanic	0.9819697895281876	0.018030210471812393	128	2	0.015625	Absent	NA	NA
GB043	Proto-Polynesian	0.98087229046908	0.019127709530920006	128	2	0.015625	Absent	NA	NA
GB044	Proto-Central Pacific	0.992878797121399	0.00712120287860101	126	15	0.11904761904761904	Absent	NA	NA
GB044	Proto-Eastern Polynesian	0.9982062714819242	0.0017937285180758091	126	15	0.11904761904761904	Absent	NA	NA
GB044	Proto-Oceanic	0.9946252844660742	0.005374715533925809	126	15	0.11904761904761904	Absent	NA	NA
GB044	Proto-Polynesian	0.9972962686177074	0.00270373138229267	126	15	0.11904761904761904	Absent	NA	NA
GB046	Proto-Central Pacific	0.6812654864760277	0.31873451352397236	66	21	0.3181818181818182	Absent	NA	NA
GB046	Proto-Eastern Polynesian	0.6633404678436505	0.3366595321563494	66	21	0.3181818181818182	Absent	NA	NA
GB046	Proto-Oceanic	0.6822407844773233	0.3177592155226768	66	21	0.3181818181818182	Absent	NA	NA
GB046	Proto-Polynesian	0.6777841929946661	0.3222158070053339	66	21	0.3181818181818182	Absent	NA	NA
GB047	Proto-Central Pacific	0.2808603358994732	0.7191396641005269	104	30	0.28846153846153844	Present	NA	NA
GB047	Proto-Eastern Polynesian	0.28779084499222773	0.7122091550077723	104	30	0.28846153846153844	Present	NA	NA
GB047	Proto-Oceanic	0.2808193301415787	0.7191806698584213	104	30	0.28846153846153844	Present	1	True Positive
GB047	Proto-Polynesian	0.28584664285770994	0.71415335714229	104	30	0.28846153846153844	Present	NA	NA
GB048	Proto-Central Pacific	0.7415963692524253	0.25840363074757466	95	32	0.3368421052631579	Absent	NA	NA
GB048	Proto-Eastern Polynesian	0.9085735030805626	0.0914264969194374	95	32	0.3368421052631579	Absent	NA	NA
GB048	Proto-Oceanic	0.688018297118424	0.31198170288157606	95	32	0.3368421052631579	Absent	NA	NA
GB048	Proto-Polynesian	0.8939362062313142	0.10606379376868583	95	32	0.3368421052631579	Absent	NA	NA
GB049	Proto-Central Pacific	0.3529679530014255	0.6470320469985744	102	41	0.4019607843137255	Present	NA	NA
GB049	Proto-Eastern Polynesian	0.6284405397733074	0.3715594602266927	102	41	0.4019607843137255	Absent	NA	NA
GB049	Proto-Oceanic	0.40084704247692277	0.5991529575230773	102	41	0.4019607843137255	Half	1	Half
GB049	Proto-Polynesian	0.3652887997780583	0.6347112002219417	102	41	0.4019607843137255	Present	NA	NA
GB051	Proto-Central Pacific	0.9993026194396526	6.973805603473638e-4	124	2	0.016129032258064516	Absent	NA	NA
GB051	Proto-Eastern Polynesian	0.9995711762584082	4.2882374159183584e-4	124	2	0.016129032258064516	Absent	NA	NA
GB051	Proto-Oceanic	0.9993835236540572	6.164763459427372e-4	124	2	0.016129032258064516	Absent	0	True Negative
GB051	Proto-Polynesian	0.9994960642729886	5.039357270113136e-4	124	2	0.016129032258064516	Absent	NA	NA
GB052	Proto-Central Pacific	0.993756653382947	0.006243346617052975	123	3	0.024390243902439025	Absent	NA	NA
GB052	Proto-Eastern Polynesian	0.9994409179925124	5.590820074875071e-4	123	3	0.024390243902439025	Absent	NA	NA
GB052	Proto-Oceanic	0.9968844318582704	0.003115568141729698	123	3	0.024390243902439025	Absent	0	True Negative
GB052	Proto-Polynesian	0.9988242073990358	0.0011757926009642202	123	3	0.024390243902439025	Absent	NA	NA
GB053	Proto-Central Pacific	0.9359328656250308	0.06406713437496922	121	9	0.0743801652892562	Absent	NA	NA
GB053	Proto-Eastern Polynesian	0.9953172170554998	0.004682782944500136	121	9	0.0743801652892562	Absent	NA	NA
GB053	Proto-Oceanic	0.92222128503799	0.0777787149620101	121	9	0.0743801652892562	Absent	0	True Negative
GB053	Proto-Polynesian	0.9883616223824087	0.011638377617591324	121	9	0.0743801652892562	Absent	NA	NA
GB054	Proto-Central Pacific	0.9991931443205802	8.068556794198696e-4	121	3	0.024793388429752067	Absent	NA	NA
GB054	Proto-Eastern Polynesian	0.9994899941755893	5.100058244107266e-4	121	3	0.024793388429752067	Absent	NA	NA
GB054	Proto-Oceanic	0.9991847745126134	8.15225487386576e-4	121	3	0.024793388429752067	Absent	0	True Negative
GB054	Proto-Polynesian	0.999339234556076	6.607654439240469e-4	121	3	0.024793388429752067	Absent	NA	NA
GB057	Proto-Central Pacific	0.2985557676205122	0.7014442323794877	121	40	0.3305785123966942	Present	NA	NA
GB057	Proto-Eastern Polynesian	0.0033894108140958387	0.9966105891859042	121	40	0.3305785123966942	Present	NA	NA
GB057	Proto-Oceanic	0.9793670653204134	0.02063293467958663	121	40	0.3305785123966942	Absent	NA	NA
GB057	Proto-Polynesian	0.0060251834807696384	0.9939748165192304	121	40	0.3305785123966942	Present	NA	NA
GB058	Proto-Central Pacific	0.24646911332588503	0.7535308866741149	120	52	0.43333333333333335	Present	NA	NA
GB058	Proto-Eastern Polynesian	0.9973846393665057	0.0026153606334943795	120	52	0.43333333333333335	Absent	NA	NA
GB058	Proto-Oceanic	0.08221876085242961	0.9177812391475704	120	52	0.43333333333333335	Present	1	True Positive
GB058	Proto-Polynesian	0.9766141082784289	0.023385891721571114	120	52	0.43333333333333335	Absent	NA	NA
GB059	Proto-Central Pacific	0.025706669045677404	0.9742933309543226	126	3	0.023809523809523808	Present	NA	NA
GB059	Proto-Eastern Polynesian	0.024847098623810543	0.9751529013761895	126	3	0.023809523809523808	Present	NA	NA
GB059	Proto-Oceanic	0.02551752042474743	0.9744824795752526	126	3	0.023809523809523808	Present	1	True Positive
GB059	Proto-Polynesian	0.02649157702567606	0.9735084229743239	126	3	0.023809523809523808	Present	1	True Positive
GB065a	Proto-Central Pacific	0.1918614421426423	0.8081385578573577	131	61	0.46564885496183206	Present	NA	NA
GB065a	Proto-Eastern Polynesian	0.015254865475625387	0.9847451345243746	131	61	0.46564885496183206	Present	NA	NA
GB065a	Proto-Oceanic	0.14270972205893295	0.857290277941067	131	61	0.46564885496183206	Present	1	True Positive
GB065a	Proto-Polynesian	0.09102467330693462	0.9089753266930654	131	61	0.46564885496183206	Present	NA	NA
GB065b	Proto-Central Pacific	0.06959435053469855	0.9304056494653015	131	22	0.16793893129770993	Present	NA	NA
GB065b	Proto-Eastern Polynesian	0.06324786675601468	0.9367521332439853	131	22	0.16793893129770993	Present	NA	NA
GB065b	Proto-Oceanic	0.11093971693103713	0.8890602830689629	131	22	0.16793893129770993	Present	1	True Positive
GB065b	Proto-Polynesian	0.06427955435987623	0.9357204456401238	131	22	0.16793893129770993	Present	NA	NA
GB068	Proto-Central Pacific	0.2772815685634874	0.7227184314365126	112	31	0.2767857142857143	Present	NA	NA
GB068	Proto-Eastern Polynesian	0.27549481514968727	0.7245051848503128	112	31	0.2767857142857143	Present	NA	NA
GB068	Proto-Oceanic	0.27771683199992103	0.722283168000079	112	31	0.2767857142857143	Present	1	True Positive
GB068	Proto-Polynesian	0.27698644493737545	0.7230135550626245	112	31	0.2767857142857143	Present	NA	NA
GB069	Proto-Central Pacific	0.6249838112300861	0.3750161887699139	104	39	0.375	Absent	NA	NA
GB069	Proto-Eastern Polynesian	0.6249900802356476	0.3750099197643524	104	39	0.375	Absent	NA	NA
GB069	Proto-Oceanic	0.6249838000641306	0.37501619993586943	104	39	0.375	Absent	NA	NA
GB069	Proto-Polynesian	0.6249839812079396	0.3750160187920603	104	39	0.375	Absent	NA	NA
GB070	Proto-Central Pacific	0.9434638846434985	0.05653611535650147	124	7	0.056451612903225805	Absent	NA	NA
GB070	Proto-Eastern Polynesian	0.9434641527099695	0.05653584729003044	124	7	0.056451612903225805	Absent	NA	NA
GB070	Proto-Oceanic	0.9434638846853047	0.05653611531469525	124	7	0.056451612903225805	Absent	NA	NA
GB070	Proto-Polynesian	0.9434638754088838	0.056536124591116246	124	7	0.056451612903225805	Absent	0	True Negative
GB071	Proto-Central Pacific	0.7660613816970262	0.23393861830297374	124	29	0.23387096774193547	Absent	0	True Negative
GB071	Proto-Eastern Polynesian	0.7660745927987583	0.2339254072012416	124	29	0.23387096774193547	Absent	NA	NA
GB071	Proto-Oceanic	0.7660442024112034	0.23395579758879656	124	29	0.23387096774193547	Absent	NA	NA
GB071	Proto-Polynesian	0.7666652669162453	0.23333473308375471	124	29	0.23387096774193547	Absent	NA	NA
GB072	Proto-Central Pacific	0.8776711618179575	0.12232883818204257	122	19	0.1557377049180328	Absent	NA	NA
GB072	Proto-Eastern Polynesian	0.9652012033906114	0.034798796609388505	122	19	0.1557377049180328	Absent	NA	NA
GB072	Proto-Oceanic	0.8098889202326167	0.19011107976738328	122	19	0.1557377049180328	Absent	NA	NA
GB072	Proto-Polynesian	0.9595324201122662	0.04046757988773375	122	19	0.1557377049180328	Absent	NA	NA
GB073	Proto-Central Pacific	0.7249690102445655	0.27503098975543444	120	33	0.275	Absent	0	True Negative
GB073	Proto-Eastern Polynesian	0.7371962046859282	0.26280379531407183	120	33	0.275	Absent	NA	NA
GB073	Proto-Oceanic	0.7229173521887756	0.27708264781122444	120	33	0.275	Absent	NA	NA
GB073	Proto-Polynesian	0.7338188492229425	0.26618115077705756	120	33	0.275	Absent	NA	NA
GB074	Proto-Central Pacific	7.993046393037774e-4	0.9992006953606962	128	9	0.0703125	Present	NA	NA
GB074	Proto-Eastern Polynesian	1.546466146558111e-5	0.9999845353385344	128	9	0.0703125	Present	NA	NA
GB074	Proto-Oceanic	0.07691935972236487	0.9230806402776351	128	9	0.0703125	Present	1	True Positive
GB074	Proto-Polynesian	1.1019370688251206e-4	0.9998898062931175	128	9	0.0703125	Present	1	True Positive
GB075	Proto-Central Pacific	0.9990330878083935	9.669121916065208e-4	122	15	0.12295081967213115	Absent	NA	NA
GB075	Proto-Eastern Polynesian	0.9999787269333823	2.1273066617658734e-5	122	15	0.12295081967213115	Absent	NA	NA
GB075	Proto-Oceanic	0.8961156508344872	0.10388434916551278	122	15	0.12295081967213115	Absent	0	True Negative
GB075	Proto-Polynesian	0.9998801503434622	1.1984965653776687e-4	122	15	0.12295081967213115	Absent	NA	NA
GB079	Proto-Central Pacific	0.09162325451796237	0.9083767454820376	131	12	0.0916030534351145	Present	1	True Positive
GB079	Proto-Eastern Polynesian	0.09162333366644755	0.9083766663335524	131	12	0.0916030534351145	Present	NA	NA
GB079	Proto-Oceanic	0.09162325451534525	0.9083767454846547	131	12	0.0916030534351145	Present	1	True Positive
GB079	Proto-Polynesian	0.09162325457240374	0.9083767454275963	131	12	0.0916030534351145	Present	NA	NA
GB080	Proto-Central Pacific	0.19755882044753134	0.8024411795524686	130	26	0.2	Present	NA	NA
GB080	Proto-Eastern Polynesian	0.6936170192090128	0.3063829807909873	130	26	0.2	Absent	NA	NA
GB080	Proto-Oceanic	0.14931568955612817	0.8506843104438718	130	26	0.2	Present	NA	NA
GB080	Proto-Polynesian	0.4624821456361627	0.5375178543638374	130	26	0.2	Half	NA	NA
GB081	Proto-Central Pacific	0.9987387630765024	0.0012612369234975484	122	10	0.08196721311475409	Absent	NA	NA
GB081	Proto-Eastern Polynesian	0.9994548200460849	5.451799539150788e-4	122	10	0.08196721311475409	Absent	NA	NA
GB081	Proto-Oceanic	0.9984076115383504	0.0015923884616495753	122	10	0.08196721311475409	Absent	NA	NA
GB081	Proto-Polynesian	0.9991142214129615	8.857785870385816e-4	122	10	0.08196721311475409	Absent	NA	NA
GB082	Proto-Central Pacific	0.9471756218676707	0.05282437813232934	129	10	0.07751937984496124	Absent	NA	NA
GB082	Proto-Eastern Polynesian	0.9879551412093733	0.012044858790626679	129	10	0.07751937984496124	Absent	NA	NA
GB082	Proto-Oceanic	0.9431360703900861	0.05686392960991389	129	10	0.07751937984496124	Absent	0	True Negative
GB082	Proto-Polynesian	0.9794863368047848	0.02051366319521519	129	10	0.07751937984496124	Absent	NA	NA
GB083	Proto-Central Pacific	0.8599350290032292	0.14006497099677087	128	18	0.140625	Absent	NA	NA
GB083	Proto-Eastern Polynesian	0.8715993709330223	0.12840062906697766	128	18	0.140625	Absent	NA	NA
GB083	Proto-Oceanic	0.8600519015551956	0.13994809844480438	128	18	0.140625	Absent	0	True Negative
GB083	Proto-Polynesian	0.8661384503893929	0.13386154961060717	128	18	0.140625	Absent	NA	NA
GB084	Proto-Central Pacific	0.9429312589897826	0.05706874101021741	128	21	0.1640625	Absent	NA	NA
GB084	Proto-Eastern Polynesian	0.9988488051457459	0.0011511948542541125	128	21	0.1640625	Absent	NA	NA
GB084	Proto-Oceanic	0.9822288175524506	0.017771182447549373	128	21	0.1640625	Absent	0	True Negative
GB084	Proto-Polynesian	0.9961498949706075	0.0038501050293925235	128	21	0.1640625	Absent	NA	NA
GB086	Proto-Central Pacific	0.7283652411678607	0.27163475883213933	121	40	0.3305785123966942	Absent	NA	NA
GB086	Proto-Eastern Polynesian	0.9832373685103869	0.016762631489613104	121	40	0.3305785123966942	Absent	NA	NA
GB086	Proto-Oceanic	0.671474173757949	0.32852582624205096	121	40	0.3305785123966942	Absent	1	False Negative
GB086	Proto-Polynesian	0.9658758401096724	0.034124159890327625	121	40	0.3305785123966942	Absent	NA	NA
GB089	Proto-Central Pacific	0.9904845212550006	0.009515478744999308	129	13	0.10077519379844961	Absent	NA	NA
GB089	Proto-Eastern Polynesian	0.9959620054602634	0.0040379945397366855	129	13	0.10077519379844961	Absent	NA	NA
GB089	Proto-Oceanic	0.9959565728381033	0.004043427161896683	129	13	0.10077519379844961	Absent	0	True Negative
GB089	Proto-Polynesian	0.9958348823327532	0.0041651176672468405	129	13	0.10077519379844961	Absent	NA	NA
GB090	Proto-Central Pacific	0.8441000547592451	0.15589994524075493	129	51	0.3953488372093023	Absent	NA	NA
GB090	Proto-Eastern Polynesian	0.9999102692007762	8.9730799223821e-5	129	51	0.3953488372093023	Absent	NA	NA
GB090	Proto-Oceanic	0.14477584217440606	0.8552241578255939	129	51	0.3953488372093023	Present	1	True Positive
GB090	Proto-Polynesian	0.9952211700988526	0.004778829901147483	129	51	0.3953488372093023	Absent	NA	NA
GB091	Proto-Central Pacific	0.9966622947288744	0.0033377052711256456	126	10	0.07936507936507936	Absent	NA	NA
GB091	Proto-Eastern Polynesian	0.9975624154814898	0.002437584518510219	126	10	0.07936507936507936	Absent	NA	NA
GB091	Proto-Oceanic	0.9965878830453238	0.0034121169546762493	126	10	0.07936507936507936	Absent	0	True Negative
GB091	Proto-Polynesian	0.9973412067610662	0.0026587932389338276	126	10	0.07936507936507936	Absent	NA	NA
GB092	Proto-Central Pacific	0.7860325986075064	0.21396740139249362	125	46	0.368	Absent	NA	NA
GB092	Proto-Eastern Polynesian	0.9998752025182865	1.2479748171345396e-4	125	46	0.368	Absent	NA	NA
GB092	Proto-Oceanic	0.03488571518473058	0.9651142848152694	125	46	0.368	Present	1	True Positive
GB092	Proto-Polynesian	0.9969218128941008	0.0030781871058992607	125	46	0.368	Absent	NA	NA
GB093	Proto-Central Pacific	0.27762706200726645	0.7223729379927335	128	52	0.40625	Present	NA	NA
GB093	Proto-Eastern Polynesian	0.9999618793709834	3.8120629016609986e-5	128	52	0.40625	Absent	NA	NA
GB093	Proto-Oceanic	5.606532686998921e-4	0.9994393467313001	128	52	0.40625	Present	1	True Positive
GB093	Proto-Polynesian	0.9817207269022542	0.018279273097745755	128	52	0.40625	Absent	NA	NA
GB094	Proto-Central Pacific	0.9827506113816736	0.01724938861832641	128	2	0.015625	Absent	NA	NA
GB094	Proto-Eastern Polynesian	0.9938676679703633	0.006132332029636728	128	2	0.015625	Absent	NA	NA
GB094	Proto-Oceanic	0.9820406710013738	0.01795932899862622	128	2	0.015625	Absent	0	True Negative
GB094	Proto-Polynesian	0.9915104789503002	0.008489521049699742	128	2	0.015625	Absent	NA	NA
GB095	Proto-Central Pacific	0.969138476265777	0.03086152373422299	115	6	0.05217391304347826	Absent	NA	NA
GB095	Proto-Eastern Polynesian	0.9975128387075258	0.002487161292474216	115	6	0.05217391304347826	Absent	NA	NA
GB095	Proto-Oceanic	0.9618612588833947	0.038138741116605264	115	6	0.05217391304347826	Absent	NA	NA
GB095	Proto-Polynesian	0.9948340145891656	0.005165985410834374	115	6	0.05217391304347826	Absent	NA	NA
GB096	Proto-Central Pacific	0.8705388433961074	0.12946115660389254	116	15	0.12931034482758622	Absent	NA	NA
GB096	Proto-Eastern Polynesian	0.8704770262253708	0.12952297377462912	116	15	0.12931034482758622	Absent	NA	NA
GB096	Proto-Oceanic	0.8705404140434204	0.1294595859565796	116	15	0.12931034482758622	Absent	NA	NA
GB096	Proto-Polynesian	0.8705269605834525	0.12947303941654756	116	15	0.12931034482758622	Absent	NA	NA
GB098	Proto-Central Pacific	0.9196245320423292	0.08037546795767082	116	22	0.1896551724137931	Absent	NA	NA
GB098	Proto-Eastern Polynesian	0.9540961356377984	0.045903864362201625	116	22	0.1896551724137931	Absent	NA	NA
GB098	Proto-Oceanic	0.9220606329695957	0.07793936703040423	116	22	0.1896551724137931	Absent	NA	NA
GB098	Proto-Polynesian	0.9522087190627834	0.04779128093721661	116	22	0.1896551724137931	Absent	NA	NA
GB099	Proto-Central Pacific	0.9990112806271898	9.887193728101804e-4	102	2	0.0196078431372549	Absent	NA	NA
GB099	Proto-Eastern Polynesian	0.9996871344376095	3.128655623905642e-4	102	2	0.0196078431372549	Absent	NA	NA
GB099	Proto-Oceanic	0.9970590324893882	0.002940967510611843	102	2	0.0196078431372549	Absent	NA	NA
GB099	Proto-Polynesian	0.9990112806271898	9.887193728101804e-4	102	2	0.0196078431372549	Absent	NA	NA
GB103	Proto-Central Pacific	0.9883641136461314	0.011635886353868563	106	14	0.1320754716981132	Absent	NA	NA
GB103	Proto-Eastern Polynesian	0.9959348440008086	0.004065155999191401	106	14	0.1320754716981132	Absent	NA	NA
GB103	Proto-Oceanic	0.9885335229923412	0.011466477007658767	106	14	0.1320754716981132	Absent	NA	NA
GB103	Proto-Polynesian	0.9953162241605101	0.004683775839489869	106	14	0.1320754716981132	Absent	NA	NA
GB104	Proto-Central Pacific	0.9089799449141858	0.09102005508581422	105	13	0.12380952380952381	Absent	NA	NA
GB104	Proto-Eastern Polynesian	0.9997862603820468	2.1373961795317727e-4	105	13	0.12380952380952381	Absent	NA	NA
GB104	Proto-Oceanic	0.9953463784212088	0.004653621578791203	105	13	0.12380952380952381	Absent	NA	NA
GB104	Proto-Polynesian	0.9741274094568357	0.025872590543164313	105	13	0.12380952380952381	Absent	NA	NA
GB105	Proto-Central Pacific	0.6189209839856646	0.38107901601433536	98	48	0.4897959183673469	Absent	NA	NA
GB105	Proto-Eastern Polynesian	0.9445877031338387	0.05541229686616135	98	48	0.4897959183673469	Absent	NA	NA
GB105	Proto-Oceanic	0.5216179813705529	0.4783820186294471	98	48	0.4897959183673469	Half	0	Half
GB105	Proto-Polynesian	0.9465452613088268	0.053454738691173176	98	48	0.4897959183673469	Absent	NA	NA
GB107	Proto-Central Pacific	0.9764104178676937	0.023589582132306337	131	31	0.2366412213740458	Absent	NA	NA
GB107	Proto-Eastern Polynesian	0.9981381622777858	0.001861837722214207	131	31	0.2366412213740458	Absent	NA	NA
GB107	Proto-Oceanic	0.9801991950518831	0.019800804948116892	131	31	0.2366412213740458	Absent	NA	NA
GB107	Proto-Polynesian	0.9928031034726791	0.007196896527320939	131	31	0.2366412213740458	Absent	NA	NA
GB108	Proto-Central Pacific	0.960066048183787	0.039933951816212974	122	43	0.3524590163934426	Absent	NA	NA
GB108	Proto-Eastern Polynesian	0.9996374433367133	3.625566632866889e-4	122	43	0.3524590163934426	Absent	NA	NA
GB108	Proto-Oceanic	0.983945337020885	0.01605466297911499	122	43	0.3524590163934426	Absent	NA	NA
GB108	Proto-Polynesian	0.9950589558638065	0.004941044136193443	122	43	0.3524590163934426	Absent	NA	NA
GB109	Proto-Central Pacific	0.821466073012169	0.17853392698783102	99	11	0.1111111111111111	Absent	NA	NA
GB109	Proto-Eastern Polynesian	0.6129314593473593	0.3870685406526407	99	11	0.1111111111111111	Absent	NA	NA
GB109	Proto-Oceanic	0.8875346402497502	0.11246535975024984	99	11	0.1111111111111111	Absent	NA	NA
GB109	Proto-Polynesian	0.39362253874071756	0.6063774612592824	99	11	0.1111111111111111	Present	NA	NA
GB110	Proto-Central Pacific	NA	NA	100	0	0	NA	NA	NA
GB110	Proto-Eastern Polynesian	NA	NA	100	0	0	NA	NA	NA
GB110	Proto-Oceanic	NA	NA	100	0	0	NA	NA	NA
GB110	Proto-Polynesian	NA	NA	100	0	0	NA	NA	NA
GB111	Proto-Central Pacific	0.9922419128080112	0.007758087191988822	119	11	0.09243697478991597	Absent	NA	NA
GB111	Proto-Eastern Polynesian	0.9988121516762961	0.001187848323703845	119	11	0.09243697478991597	Absent	NA	NA
GB111	Proto-Oceanic	0.9951387399333279	0.004861260066672046	119	11	0.09243697478991597	Absent	NA	NA
GB111	Proto-Polynesian	0.9976919268542123	0.002308073145787714	119	11	0.09243697478991597	Absent	NA	NA
GB113	Proto-Central Pacific	0.177869905672622	0.8221300943273779	123	22	0.17886178861788618	Present	1	True Positive
GB113	Proto-Eastern Polynesian	0.17688145301860228	0.8231185469813977	123	22	0.17886178861788618	Present	NA	NA
GB113	Proto-Oceanic	0.18112836056566944	0.8188716394343305	123	22	0.17886178861788618	Present	1	True Positive
GB113	Proto-Polynesian	0.16987081928858377	0.8301291807114163	123	22	0.17886178861788618	Present	1	True Positive
GB114	Proto-Central Pacific	0.8597667134249961	0.14023328657500383	106	15	0.14150943396226415	Absent	NA	NA
GB114	Proto-Eastern Polynesian	0.8596914884621845	0.14030851153781548	106	15	0.14150943396226415	Absent	NA	NA
GB114	Proto-Oceanic	0.8598040991705445	0.1401959008294556	106	15	0.14150943396226415	Absent	NA	NA
GB114	Proto-Polynesian	0.85789866939258	0.14210133060742003	106	15	0.14150943396226415	Absent	NA	NA
GB115	Proto-Central Pacific	0.20813489498143276	0.7918651050185672	112	41	0.36607142857142855	Present	1	True Positive
GB115	Proto-Eastern Polynesian	0.7312302719606397	0.26876972803936033	112	41	0.36607142857142855	Absent	NA	NA
GB115	Proto-Oceanic	0.2081425532755495	0.7918574467244505	112	41	0.36607142857142855	Present	1	True Positive
GB115	Proto-Polynesian	0.04790067089571204	0.952099329104288	112	41	0.36607142857142855	Present	1	True Positive
GB116	Proto-Central Pacific	0.9999432105005215	5.678949947846127e-5	106	1	0.009433962264150943	Absent	NA	NA
GB116	Proto-Eastern Polynesian	0.9999996064933963	3.935066037628161e-7	106	1	0.009433962264150943	Absent	NA	NA
GB116	Proto-Oceanic	0.9999982479550363	1.752044963626272e-6	106	1	0.009433962264150943	Absent	NA	NA
GB116	Proto-Polynesian	0.999993339829976	6.6601700240279655e-6	106	1	0.009433962264150943	Absent	NA	NA
GB117	Proto-Central Pacific	0.8076960992602032	0.1923039007397968	113	22	0.19469026548672566	Absent	NA	NA
GB117	Proto-Eastern Polynesian	0.8143392688010069	0.18566073119899307	113	22	0.19469026548672566	Absent	NA	NA
GB117	Proto-Oceanic	0.8090327940300125	0.1909672059699875	113	22	0.19469026548672566	Absent	0	True Negative
GB117	Proto-Polynesian	0.8005888532106532	0.19941114678934682	113	22	0.19469026548672566	Absent	NA	NA
GB118	Proto-Central Pacific	0.21485029217057555	0.7851497078294244	107	23	0.21495327102803738	Present	NA	NA
GB118	Proto-Eastern Polynesian	0.6836536700254637	0.3163463299745363	107	23	0.21495327102803738	Absent	NA	NA
GB118	Proto-Oceanic	0.12344627379495172	0.8765537262050482	107	23	0.21495327102803738	Present	NA	NA
GB118	Proto-Polynesian	0.1919528403333169	0.8080471596666832	107	23	0.21495327102803738	Present	NA	NA
GB119	Proto-Central Pacific	0.7846981418605262	0.21530185813947375	119	26	0.2184873949579832	Absent	NA	NA
GB119	Proto-Eastern Polynesian	0.8620393562319321	0.137960643768068	119	26	0.2184873949579832	Absent	NA	NA
GB119	Proto-Oceanic	0.7733178306805184	0.22668216931948157	119	26	0.2184873949579832	Absent	NA	NA
GB119	Proto-Polynesian	0.8443491098433049	0.15565089015669512	119	26	0.2184873949579832	Absent	NA	NA
GB120	Proto-Central Pacific	0.7989519288169834	0.20104807118301657	120	27	0.225	Absent	NA	NA
GB120	Proto-Eastern Polynesian	0.9512713905123718	0.04872860948762825	120	27	0.225	Absent	NA	NA
GB120	Proto-Oceanic	0.7585285687736365	0.24147143122636353	120	27	0.225	Absent	NA	NA
GB120	Proto-Polynesian	0.9251186235115372	0.07488137648846288	120	27	0.225	Absent	NA	NA
GB121	Proto-Central Pacific	0.8679316993010959	0.13206830069890407	121	16	0.1322314049586777	Absent	NA	NA
GB121	Proto-Eastern Polynesian	0.867939957965686	0.132060042034314	121	16	0.1322314049586777	Absent	NA	NA
GB121	Proto-Oceanic	0.8679316724884077	0.13206832751159225	121	16	0.1322314049586777	Absent	0	True Negative
GB121	Proto-Polynesian	0.8679324093115189	0.132067590688481	121	16	0.1322314049586777	Absent	NA	NA
GB122	Proto-Central Pacific	0.52181016139738845	0.4781898386026116	84	36	0.42857142857142855	Half	NA	NA
GB122	Proto-Eastern Polynesian	0.5830034979762413	0.41699650202375876	84	36	0.42857142857142855	Half	NA	NA
GB122	Proto-Oceanic	0.5647069904365549	0.4352930095634451	84	36	0.42857142857142855	Half	NA	NA
GB122	Proto-Polynesian	0.52181016139738845	0.4781898386026116	84	36	0.42857142857142855	Half	NA	NA
GB123	Proto-Central Pacific	NA	NA	54	9	0.16666666666666666	Not enough languages	NA	NA
GB123	Proto-Eastern Polynesian	NA	NA	54	9	0.16666666666666666	Not enough languages	NA	NA
GB123	Proto-Oceanic	NA	NA	54	9	0.16666666666666666	Not enough languages	NA	NA
GB123	Proto-Polynesian	NA	NA	54	9	0.16666666666666666	Not enough languages	NA	NA
GB124	Proto-Central Pacific	0.0056512777972784764	0.9943487222027215	83	41	0.4939759036144578	Present	NA	NA
GB124	Proto-Eastern Polynesian	3.621270224905254e-4	0.9996378729775095	83	41	0.4939759036144578	Present	NA	NA
GB124	Proto-Oceanic	0.3394625558480812	0.6605374441519188	83	41	0.4939759036144578	Present	NA	NA
GB124	Proto-Polynesian	0.001384395650310594	0.9986156043496894	83	41	0.4939759036144578	Present	NA	NA
GB126	Proto-Central Pacific	0.3371692259168478	0.6628307740831522	104	35	0.33653846153846156	Present	NA	NA
GB126	Proto-Eastern Polynesian	0.3355392163785516	0.6644607836214483	104	35	0.33653846153846156	Present	NA	NA
GB126	Proto-Oceanic	0.3373797711083112	0.6626202288916888	104	35	0.33653846153846156	Present	NA	NA
GB126	Proto-Polynesian	0.3364020780015099	0.6635979219984901	104	35	0.33653846153846156	Present	NA	NA
GB127	Proto-Central Pacific	0.9905512771988031	0.009448722801196924	82	5	0.06097560975609756	Absent	NA	NA
GB127	Proto-Eastern Polynesian	0.9999862907331206	1.3709266879384264e-5	82	5	0.06097560975609756	Absent	NA	NA
GB127	Proto-Oceanic	0.9996422328397621	3.5776716023790426e-4	82	5	0.06097560975609756	Absent	NA	NA
GB127	Proto-Polynesian	0.9998626669626136	1.3733303738638339e-4	82	5	0.06097560975609756	Absent	NA	NA
GB129	Proto-Central Pacific	0.9733377755954744	0.026662224404525613	119	3	0.025210084033613446	Absent	NA	NA
GB129	Proto-Eastern Polynesian	0.9730913954044308	0.026908604595569187	119	3	0.025210084033613446	Absent	NA	NA
GB129	Proto-Oceanic	0.9733386774917184	0.026661322508281522	119	3	0.025210084033613446	Absent	NA	NA
GB129	Proto-Polynesian	0.9730827742215032	0.026917225778496798	119	3	0.025210084033613446	Absent	NA	NA
GB130a	Proto-Central Pacific	0.44051154622379696	0.559488453776203	126	32	0.25396825396825395	Half	0	Half
GB130a	Proto-Eastern Polynesian	0.9998987307612855	1.012692387144616e-4	126	32	0.25396825396825395	Absent	NA	NA
GB130a	Proto-Oceanic	0.0018027867382904724	0.9981972132617095	126	32	0.25396825396825395	Present	NA	NA
GB130a	Proto-Polynesian	0.9219777653120199	0.07802223468798013	126	32	0.25396825396825395	Absent	0	True Negative
GB130b	Proto-Central Pacific	0.603888356161258	0.396111643838742	126	38	0.30158730158730157	Absent	1	False Negative
GB130b	Proto-Eastern Polynesian	4.1406510477818225e-4	0.9995859348952219	126	38	0.30158730158730157	Present	NA	NA
GB130b	Proto-Oceanic	0.9911384333073359	0.008861566692664195	126	38	0.30158730158730157	Absent	NA	NA
GB130b	Proto-Polynesian	0.09062885648101315	0.9093711435189868	126	38	0.30158730158730157	Present	1	True Positive
GB131	Proto-Central Pacific	0.8712900164006981	0.12870998359930186	128	34	0.265625	Absent	1	False Negative
GB131	Proto-Eastern Polynesian	2.2093306074243987e-5	0.9999779066939257	128	34	0.265625	Present	NA	NA
GB131	Proto-Oceanic	0.993900452493975	0.006099547506025036	128	34	0.265625	Absent	1	False Negative
GB131	Proto-Polynesian	0.09489623442548452	0.9051037655745154	128	34	0.265625	Present	1	True Positive
GB132	Proto-Central Pacific	0.9112455193372396	0.08875448066276038	127	43	0.33858267716535434	Absent	0	True Negative
GB132	Proto-Eastern Polynesian	0.9997850415725463	2.1495842745368064e-4	127	43	0.33858267716535434	Absent	NA	NA
GB132	Proto-Oceanic	0.9625848948747399	0.037415105125260154	127	43	0.33858267716535434	Absent	1	False Negative
GB132	Proto-Polynesian	0.9734646584631769	0.026535341536823125	127	43	0.33858267716535434	Absent	0	True Negative
GB133	Proto-Central Pacific	0.9994200556054292	5.799443945707944e-4	130	13	0.1	Absent	0	True Negative
GB133	Proto-Eastern Polynesian	0.9999850299225393	1.4970077460690068e-5	130	13	0.1	Absent	NA	NA
GB133	Proto-Oceanic	0.9332096699445961	0.06679033005540391	130	13	0.1	Absent	1	False Negative
GB133	Proto-Polynesian	0.9999211699550868	7.883004491316177e-5	130	13	0.1	Absent	0	True Negative
GB134	Proto-Central Pacific	0.02929978993558441	0.9707002100644155	109	3	0.027522935779816515	Present	NA	NA
GB134	Proto-Eastern Polynesian	0.028774527615930006	0.97122547238407	109	3	0.027522935779816515	Present	NA	NA
GB134	Proto-Oceanic	0.029291599689790712	0.9707084003102093	109	3	0.027522935779816515	Present	NA	NA
GB134	Proto-Polynesian	0.030539636967496245	0.9694603630325037	109	3	0.027522935779816515	Present	NA	NA
GB135	Proto-Central Pacific	0.04149651166027693	0.9585034883397231	96	4	0.041666666666666664	Present	NA	NA
GB135	Proto-Eastern Polynesian	0.03908868536925459	0.9609113146307454	96	4	0.041666666666666664	Present	NA	NA
GB135	Proto-Oceanic	0.04258842830309702	0.9574115716969029	96	4	0.041666666666666664	Present	NA	NA
GB135	Proto-Polynesian	0.03966011319816004	0.96033988680184	96	4	0.041666666666666664	Present	NA	NA
GB136	Proto-Central Pacific	0.4558794518338104	0.5441205481661896	117	34	0.2905982905982906	Half	NA	NA
GB136	Proto-Eastern Polynesian	0.4988704998566355	0.5011295001433645	117	34	0.2905982905982906	Half	NA	NA
GB136	Proto-Oceanic	0.37906865257133104	0.620931347428669	117	34	0.2905982905982906	Present	NA	NA
GB136	Proto-Polynesian	0.6920378945810212	0.3079621054189789	117	34	0.2905982905982906	Absent	NA	NA
GB137	Proto-Central Pacific	0.9727141563705342	0.027285843629465893	126	26	0.20634920634920634	Absent	NA	NA
GB137	Proto-Eastern Polynesian	0.9995220431853458	4.7795681465418843e-4	126	26	0.20634920634920634	Absent	NA	NA
GB137	Proto-Oceanic	0.8932255706197767	0.10677442938022327	126	26	0.20634920634920634	Absent	NA	NA
GB137	Proto-Polynesian	0.9944191727145388	0.0055808272854611886	126	26	0.20634920634920634	Absent	NA	NA
GB138	Proto-Central Pacific	0.6289000040955892	0.37109999590441073	127	47	0.3700787401574803	Absent	NA	NA
GB138	Proto-Eastern Polynesian	0.6269966937978415	0.3730033062021585	127	47	0.3700787401574803	Absent	NA	NA
GB138	Proto-Oceanic	0.6289474720976326	0.3710525279023675	127	47	0.3700787401574803	Absent	NA	NA
GB138	Proto-Polynesian	0.6285009194056143	0.37149908059438574	127	47	0.3700787401574803	Absent	NA	NA
GB139	Proto-Central Pacific	0.1166821531747179	0.8833178468252821	113	26	0.23008849557522124	Present	NA	NA
GB139	Proto-Eastern Polynesian	0.030703493637314314	0.9692965063626857	113	26	0.23008849557522124	Present	NA	NA
GB139	Proto-Oceanic	0.1397585831204605	0.8602414168795395	113	26	0.23008849557522124	Present	NA	NA
GB139	Proto-Polynesian	0.03423578005129488	0.9657642199487051	113	26	0.23008849557522124	Present	1	True Positive
GB140	Proto-Central Pacific	0.5232287373860802	0.47677126261391983	86	41	0.47674418604651164	Half	NA	NA
GB140	Proto-Eastern Polynesian	0.5236015547187131	0.47639844528128694	86	41	0.47674418604651164	Half	0	Half
GB140	Proto-Oceanic	0.5232163478603724	0.4767836521396276	86	41	0.47674418604651164	Half	0	Half
GB140	Proto-Polynesian	0.5234327382596082	0.4765672617403917	86	41	0.47674418604651164	Half	NA	NA
GB146	Proto-Central Pacific	0.9678112004505657	0.032188799549434294	69	20	0.2898550724637681	Absent	NA	NA
GB146	Proto-Eastern Polynesian	0.9915894294376556	0.008410570562344384	69	20	0.2898550724637681	Absent	NA	NA
GB146	Proto-Oceanic	0.9654005077918634	0.03459949220813668	69	20	0.2898550724637681	Absent	NA	NA
GB146	Proto-Polynesian	0.9927624411861571	0.007237558813842967	69	20	0.2898550724637681	Absent	NA	NA
GB147	Proto-Central Pacific	0.6831717381218156	0.3168282618781844	110	34	0.3090909090909091	Absent	NA	NA
GB147	Proto-Eastern Polynesian	0.17918585683546154	0.8208141431645385	110	34	0.3090909090909091	Present	1	True Positive
GB147	Proto-Oceanic	0.7663297225741339	0.23367027742586616	110	34	0.3090909090909091	Absent	0	True Negative
GB147	Proto-Polynesian	0.6158027664133882	0.38419723358661184	110	34	0.3090909090909091	Absent	1	False Negative
GB148	Proto-Central Pacific	0.9470846667009193	0.052915333299080686	94	15	0.1595744680851064	Absent	NA	NA
GB148	Proto-Eastern Polynesian	0.9967718958428546	0.0032281041571453695	94	15	0.1595744680851064	Absent	NA	NA
GB148	Proto-Oceanic	0.9942278766930707	0.005772123306929302	94	15	0.1595744680851064	Absent	NA	NA
GB148	Proto-Polynesian	0.9938978581947523	0.006102141805247736	94	15	0.1595744680851064	Absent	NA	NA
GB149	Proto-Central Pacific	NA	NA	114	0	0	NA	NA	NA
GB149	Proto-Eastern Polynesian	NA	NA	114	0	0	NA	NA	NA
GB149	Proto-Oceanic	NA	NA	114	0	0	NA	NA	NA
GB149	Proto-Polynesian	NA	NA	114	0	0	NA	NA	NA
GB150	Proto-Central Pacific	0.9179128023325855	0.08208719766741451	89	12	0.1348314606741573	Absent	NA	NA
GB150	Proto-Eastern Polynesian	0.9923331842875291	0.007666815712470893	89	12	0.1348314606741573	Absent	NA	NA
GB150	Proto-Oceanic	0.9111061204739475	0.0888938795260526	89	12	0.1348314606741573	Absent	NA	NA
GB150	Proto-Polynesian	0.9649672210597802	0.03503277894021989	89	12	0.1348314606741573	Absent	NA	NA
GB151	Proto-Central Pacific	0.9906413876820199	0.00935861231798004	113	7	0.061946902654867256	Absent	NA	NA
GB151	Proto-Eastern Polynesian	0.9992692240511263	7.307759488736933e-4	113	7	0.061946902654867256	Absent	NA	NA
GB151	Proto-Oceanic	0.9968856362974267	0.0031143637025733656	113	7	0.061946902654867256	Absent	NA	NA
GB151	Proto-Polynesian	0.9984964408868124	0.0015035591131875433	113	7	0.061946902654867256	Absent	NA	NA
GB152	Proto-Central Pacific	0.8349456511163159	0.16505434888368406	103	17	0.1650485436893204	Absent	NA	NA
GB152	Proto-Eastern Polynesian	0.8349456553342526	0.16505434466574742	103	17	0.1650485436893204	Absent	NA	NA
GB152	Proto-Oceanic	0.8349456511163152	0.16505434888368473	103	17	0.1650485436893204	Absent	NA	NA
GB152	Proto-Polynesian	0.8349456511258951	0.1650543488741048	103	17	0.1650485436893204	Absent	NA	NA
GB155	Proto-Central Pacific	0.007190036444789906	0.9928099635552101	125	26	0.208	Present	1	True Positive
GB155	Proto-Eastern Polynesian	7.051865670765023e-5	0.9999294813432924	125	26	0.208	Present	NA	NA
GB155	Proto-Oceanic	0.016179956741531863	0.9838200432584682	125	26	0.208	Present	1	True Positive
GB155	Proto-Polynesian	0.001591229141876343	0.9984087708581236	125	26	0.208	Present	NA	NA
GB156	Proto-Central Pacific	0.9704003418032092	0.029599658196790803	106	3	0.02830188679245283	Absent	NA	NA
GB156	Proto-Eastern Polynesian	0.9704044487676781	0.029595551232321927	106	3	0.02830188679245283	Absent	NA	NA
GB156	Proto-Oceanic	0.9704003451043272	0.029599654895672782	106	3	0.02830188679245283	Absent	NA	NA
GB156	Proto-Polynesian	0.9703997761577615	0.029600223842238507	106	3	0.02830188679245283	Absent	NA	NA
GB158	Proto-Central Pacific	0.0033141321453295527	0.9966858678546705	126	12	0.09523809523809523	Present	NA	NA
GB158	Proto-Eastern Polynesian	1.1086477438380575e-4	0.9998891352256162	126	12	0.09523809523809523	Present	NA	NA
GB158	Proto-Oceanic	0.0018594085338466666	0.9981405914661533	126	12	0.09523809523809523	Present	1	True Positive
GB158	Proto-Polynesian	5.067768289581341e-4	0.9994932231710418	126	12	0.09523809523809523	Present	NA	NA
GB159	Proto-Central Pacific	0.35191130298329065	0.6480886970167093	100	36	0.36	Present	NA	NA
GB159	Proto-Eastern Polynesian	0.0063774468479209385	0.993622553152079	100	36	0.36	Present	NA	NA
GB159	Proto-Oceanic	0.5009246258974445	0.49907537410255554	100	36	0.36	Half	1	Half
GB159	Proto-Polynesian	0.018906591496512293	0.9810934085034877	100	36	0.36	Present	NA	NA
GB160	Proto-Central Pacific	0.5494241269690766	0.4505758730309234	86	40	0.46511627906976744	Half	NA	NA
GB160	Proto-Eastern Polynesian	0.9601996265649486	0.039800373435051335	86	40	0.46511627906976744	Absent	NA	NA
GB160	Proto-Oceanic	0.4499385062314118	0.55006149376858815	86	40	0.46511627906976744	Half	NA	NA
GB160	Proto-Polynesian	0.9137073572643232	0.08629264273567679	86	40	0.46511627906976744	Absent	NA	NA
GB165	Proto-Central Pacific	0.9811982770099329	0.018801722990067136	121	2	0.01652892561983471	Absent	NA	NA
GB165	Proto-Eastern Polynesian	0.9813219803029486	0.018678019697051372	121	2	0.01652892561983471	Absent	NA	NA
GB165	Proto-Oceanic	0.9811860582153594	0.018813941784640523	121	2	0.01652892561983471	Absent	NA	NA
GB165	Proto-Polynesian	0.9812192303875202	0.018780769612479757	121	2	0.01652892561983471	Absent	NA	NA
GB166	Proto-Central Pacific	0.9989919569854723	0.001008043014527732	122	3	0.02459016393442623	Absent	NA	NA
GB166	Proto-Eastern Polynesian	0.9992058662489189	7.941337510810633e-4	122	3	0.02459016393442623	Absent	NA	NA
GB166	Proto-Oceanic	0.9991120172984728	8.879827015272701e-4	122	3	0.02459016393442623	Absent	NA	NA
GB166	Proto-Polynesian	0.9991576325291501	8.423674708499313e-4	122	3	0.02459016393442623	Absent	NA	NA
GB167	Proto-Central Pacific	NA	NA	95	0	0	NA	NA	NA
GB167	Proto-Eastern Polynesian	NA	NA	95	0	0	NA	NA	NA
GB167	Proto-Oceanic	NA	NA	95	0	0	NA	NA	NA
GB167	Proto-Polynesian	NA	NA	95	0	0	NA	NA	NA
GB170	Proto-Central Pacific	0.988246472058119	0.01175352794188102	120	2	0.016666666666666666	Absent	NA	NA
GB170	Proto-Eastern Polynesian	0.9996487244347186	3.512755652813921e-4	120	2	0.016666666666666666	Absent	NA	NA
GB170	Proto-Oceanic	0.9995889894175324	4.110105824676009e-4	120	2	0.016666666666666666	Absent	0	True Negative
GB170	Proto-Polynesian	0.9995707701894267	4.292298105731934e-4	120	2	0.016666666666666666	Absent	NA	NA
GB171	Proto-Central Pacific	0.9974595905960906	0.0025404094039094575	119	3	0.025210084033613446	Absent	NA	NA
GB171	Proto-Eastern Polynesian	0.9993988255716425	6.011744283575059e-4	119	3	0.025210084033613446	Absent	NA	NA
GB171	Proto-Oceanic	0.9984289689999768	0.0015710310000232308	119	3	0.025210084033613446	Absent	0	True Negative
GB171	Proto-Polynesian	0.9991699611215875	8.300388784124678e-4	119	3	0.025210084033613446	Absent	NA	NA
GB172	Proto-Central Pacific	0.9971632518299591	0.002836748170040898	124	10	0.08064516129032258	Absent	NA	NA
GB172	Proto-Eastern Polynesian	0.9983203520574981	0.0016796479425018425	124	10	0.08064516129032258	Absent	NA	NA
GB172	Proto-Oceanic	0.9971230370566998	0.002876962943300154	124	10	0.08064516129032258	Absent	0	True Negative
GB172	Proto-Polynesian	0.9977475215080946	0.0022524784919053073	124	10	0.08064516129032258	Absent	NA	NA
GB177	Proto-Central Pacific	0.9480686184622622	0.05193138153773776	104	10	0.09615384615384616	Absent	NA	NA
GB177	Proto-Eastern Polynesian	0.9957242045187682	0.004275795481231847	104	10	0.09615384615384616	Absent	NA	NA
GB177	Proto-Oceanic	0.9208070531925958	0.07919294680740414	104	10	0.09615384615384616	Absent	NA	NA
GB177	Proto-Polynesian	0.9896023785939015	0.01039762140609846	104	10	0.09615384615384616	Absent	NA	NA
GB184	Proto-Central Pacific	0.7296464577686338	0.2703535422313662	111	30	0.2702702702702703	Absent	NA	NA
GB184	Proto-Eastern Polynesian	0.7296666825914049	0.2703333174085952	111	30	0.2702702702702703	Absent	NA	NA
GB184	Proto-Oceanic	0.729646459083886	0.270353540916114	111	30	0.2702702702702703	Absent	NA	NA
GB184	Proto-Polynesian	0.729644126753029	0.2703558732469709	111	30	0.2702702702702703	Absent	NA	NA
GB185	Proto-Central Pacific	0.6775339907189745	0.32246600928102553	114	45	0.39473684210526316	Absent	NA	NA
GB185	Proto-Eastern Polynesian	0.8569783061882286	0.14302169381177146	114	45	0.39473684210526316	Absent	NA	NA
GB185	Proto-Oceanic	0.6941671358768084	0.3058328641231915	114	45	0.39473684210526316	Absent	NA	NA
GB185	Proto-Polynesian	0.7844142274463907	0.21558577255360933	114	45	0.39473684210526316	Absent	NA	NA
GB186	Proto-Central Pacific	0.5299246662209978	0.4700753337790023	118	44	0.3728813559322034	Half	NA	NA
GB186	Proto-Eastern Polynesian	0.13181553203067142	0.8681844679693286	118	44	0.3728813559322034	Present	NA	NA
GB186	Proto-Oceanic	0.7458298925937089	0.25417010740629103	118	44	0.3728813559322034	Absent	NA	NA
GB186	Proto-Polynesian	0.04631205441077305	0.953687945589227	118	44	0.3728813559322034	Present	NA	NA
GB187	Proto-Central Pacific	0.8645938444464151	0.13540615555358496	70	9	0.12857142857142856	Absent	NA	NA
GB187	Proto-Eastern Polynesian	0.7737944606651513	0.22620553933484872	70	9	0.12857142857142856	Absent	NA	NA
GB187	Proto-Oceanic	0.8783886391157473	0.12161136088425274	70	9	0.12857142857142856	Absent	NA	NA
GB187	Proto-Polynesian	0.7846445200813349	0.2153554799186651	70	9	0.12857142857142856	Absent	NA	NA
GB188	Proto-Central Pacific	0.9435946366517954	0.05640536334820455	72	4	0.05555555555555555	Absent	NA	NA
GB188	Proto-Eastern Polynesian	0.9435946618211096	0.056405338178890374	72	4	0.05555555555555555	Absent	NA	NA
GB188	Proto-Oceanic	0.9435946366774189	0.056405363322581094	72	4	0.05555555555555555	Absent	NA	NA
GB188	Proto-Polynesian	0.9435946366517954	0.05640536334820455	72	4	0.05555555555555555	Absent	NA	NA
GB192	Proto-Central Pacific	0.997064433472031	0.002935566527969024	123	1	0.008130081300813009	Absent	NA	NA
GB192	Proto-Eastern Polynesian	0.9999428310808067	5.716891919325614e-5	123	1	0.008130081300813009	Absent	NA	NA
GB192	Proto-Oceanic	0.999150478518547	8.495214814530621e-4	123	1	0.008130081300813009	Absent	0	True Negative
GB192	Proto-Polynesian	0.9995856705590732	4.143294409268309e-4	123	1	0.008130081300813009	Absent	NA	NA
GB193a	Proto-Central Pacific	0.7925678081775809	0.20743219182241912	126	26	0.20634920634920634	Absent	NA	NA
GB193a	Proto-Eastern Polynesian	0.7924292623805952	0.20757073761940484	126	26	0.20634920634920634	Absent	NA	NA
GB193a	Proto-Oceanic	0.7925682474769778	0.20743175252302218	126	26	0.20634920634920634	Absent	0	True Negative
GB193a	Proto-Polynesian	0.7925168305029986	0.2074831694970014	126	26	0.20634920634920634	Absent	0	True Negative
GB193b	Proto-Central Pacific	0.0025714919198046647	0.9974285080801953	126	7	0.05555555555555555	Present	NA	NA
GB193b	Proto-Eastern Polynesian	0.001367179978922947	0.998632820021077	126	7	0.05555555555555555	Present	NA	NA
GB193b	Proto-Oceanic	0.0018537446453913203	0.9981462553546087	126	7	0.05555555555555555	Present	1	True Positive
GB193b	Proto-Polynesian	0.0017045911578511658	0.9982954088421488	126	7	0.05555555555555555	Present	1	True Positive
GB196	Proto-Central Pacific	NA	NA	127	0	0	NA	NA	NA
GB196	Proto-Eastern Polynesian	NA	NA	127	0	0	NA	NA	NA
GB196	Proto-Oceanic	NA	NA	127	0	0	NA	NA	NA
GB196	Proto-Polynesian	NA	NA	127	0	0	NA	NA	NA
GB197	Proto-Central Pacific	NA	NA	127	0	0	NA	NA	NA
GB197	Proto-Eastern Polynesian	NA	NA	127	0	0	NA	NA	NA
GB197	Proto-Oceanic	NA	NA	127	0	0	NA	NA	NA
GB197	Proto-Polynesian	NA	NA	127	0	0	NA	NA	NA
GB198	Proto-Central Pacific	0.995608020849886	0.004391979150113963	120	5	0.041666666666666664	Absent	NA	NA
GB198	Proto-Eastern Polynesian	0.9986964400579017	0.0013035599420983047	120	5	0.041666666666666664	Absent	NA	NA
GB198	Proto-Oceanic	0.9981080951174149	0.0018919048825850478	120	5	0.041666666666666664	Absent	0	True Negative
GB198	Proto-Polynesian	0.9983734824789571	0.0016265175210429166	120	5	0.041666666666666664	Absent	NA	NA
GB203a	Proto-Central Pacific	0.697290622107068	0.30270937789293195	99	36	0.36363636363636365	Absent	NA	NA
GB203a	Proto-Eastern Polynesian	0.9272115552740272	0.07278844472597273	99	36	0.36363636363636365	Absent	NA	NA
GB203a	Proto-Oceanic	0.6336448625324249	0.3663551374675751	99	36	0.36363636363636365	Absent	NA	NA
GB203a	Proto-Polynesian	0.9783926608612892	0.021607339138710872	99	36	0.36363636363636365	Absent	NA	NA
GB203b	Proto-Central Pacific	0.17944029131003578	0.8205597086899642	99	25	0.25252525252525254	Present	NA	NA
GB203b	Proto-Eastern Polynesian	0.02367303384664178	0.9763269661533582	99	25	0.25252525252525254	Present	NA	NA
GB203b	Proto-Oceanic	0.2888361335665176	0.7111638664334824	99	25	0.25252525252525254	Present	NA	NA
GB203b	Proto-Polynesian	0.03148371368317531	0.9685162863168247	99	25	0.25252525252525254	Present	NA	NA
GB204	Proto-Central Pacific	0.5328303770031757	0.46716962299682435	75	35	0.4666666666666667	Half	NA	NA
GB204	Proto-Eastern Polynesian	0.5340693285889275	0.4659306714110725	75	35	0.4666666666666667	Half	NA	NA
GB204	Proto-Oceanic	0.5328114301466558	0.4671885698533442	75	35	0.4666666666666667	Half	NA	NA
GB204	Proto-Polynesian	0.5341107082686586	0.4658892917313414	75	35	0.4666666666666667	Half	NA	NA
GB250	Proto-Central Pacific	0.7605901275292367	0.2394098724707633	74	27	0.36486486486486486	Absent	NA	NA
GB250	Proto-Eastern Polynesian	0.9959511558807123	0.0040488441192877795	74	27	0.36486486486486486	Absent	NA	NA
GB250	Proto-Oceanic	0.6709693713576381	0.3290306286423619	74	27	0.36486486486486486	Absent	NA	NA
GB250	Proto-Polynesian	0.9855394861188587	0.01446051388114136	74	27	0.36486486486486486	Absent	NA	NA
GB252	Proto-Central Pacific	NA	NA	56	9	0.16071428571428573	Not enough languages	NA	NA
GB252	Proto-Eastern Polynesian	NA	NA	56	9	0.16071428571428573	Not enough languages	NA	NA
GB252	Proto-Oceanic	NA	NA	56	9	0.16071428571428573	Not enough languages	NA	NA
GB252	Proto-Polynesian	NA	NA	56	9	0.16071428571428573	Not enough languages	NA	NA
GB253	Proto-Central Pacific	NA	NA	59	12	0.2033898305084746	Not enough languages	NA	NA
GB253	Proto-Eastern Polynesian	NA	NA	59	12	0.2033898305084746	Not enough languages	NA	NA
GB253	Proto-Oceanic	NA	NA	59	12	0.2033898305084746	Not enough languages	NA	NA
GB253	Proto-Polynesian	NA	NA	59	12	0.2033898305084746	Not enough languages	NA	NA
GB254	Proto-Central Pacific	0.16834824774520304	0.8316517522547969	71	21	0.29577464788732394	Present	NA	NA
GB254	Proto-Eastern Polynesian	0.028960342569492876	0.9710396574305071	71	21	0.29577464788732394	Present	NA	NA
GB254	Proto-Oceanic	0.12184779040806157	0.8781522095919384	71	21	0.29577464788732394	Present	NA	NA
GB254	Proto-Polynesian	0.03073908392888158	0.9692609160711184	71	21	0.29577464788732394	Present	NA	NA
GB256	Proto-Central Pacific	NA	NA	58	9	0.15517241379310345	Not enough languages	NA	NA
GB256	Proto-Eastern Polynesian	NA	NA	58	9	0.15517241379310345	Not enough languages	NA	NA
GB256	Proto-Oceanic	NA	NA	58	9	0.15517241379310345	Not enough languages	NA	NA
GB256	Proto-Polynesian	NA	NA	58	9	0.15517241379310345	Not enough languages	NA	NA
GB257	Proto-Central Pacific	0.08227667206874349	0.9177233279312565	97	8	0.08247422680412371	Present	NA	NA
GB257	Proto-Eastern Polynesian	0.08578770430640971	0.9142122956935903	97	8	0.08247422680412371	Present	NA	NA
GB257	Proto-Oceanic	0.08217608301001182	0.9178239169899881	97	8	0.08247422680412371	Present	NA	NA
GB257	Proto-Polynesian	0.08449152943570702	0.915508470564293	97	8	0.08247422680412371	Present	NA	NA
GB260	Proto-Central Pacific	NA	NA	98	0	0	NA	NA	NA
GB260	Proto-Eastern Polynesian	NA	NA	98	0	0	NA	NA	NA
GB260	Proto-Oceanic	NA	NA	98	0	0	NA	0	NA
GB260	Proto-Polynesian	NA	NA	98	0	0	NA	NA	NA
GB262	Proto-Central Pacific	0.8495593596835036	0.1504406403164964	98	9	0.09183673469387756	Absent	NA	NA
GB262	Proto-Eastern Polynesian	0.6024559581455498	0.3975440418544502	98	9	0.09183673469387756	Absent	NA	NA
GB262	Proto-Oceanic	0.9185077400353727	0.08149225996462728	98	9	0.09183673469387756	Absent	0	True Negative
GB262	Proto-Polynesian	0.6386055053975828	0.36139449460241724	98	9	0.09183673469387756	Absent	NA	NA
GB263	Proto-Central Pacific	0.686329034248205	0.31367096575179493	100	30	0.3	Absent	NA	NA
GB263	Proto-Eastern Polynesian	0.8802591662641017	0.11974083373589826	100	30	0.3	Absent	NA	NA
GB263	Proto-Oceanic	0.7202023710852503	0.2797976289147497	100	30	0.3	Absent	NA	NA
GB263	Proto-Polynesian	0.6784537127008612	0.3215462872991388	100	30	0.3	Absent	NA	NA
GB264	Proto-Central Pacific	0.9271066367086191	0.07289336329138081	97	7	0.07216494845360824	Absent	NA	NA
GB264	Proto-Eastern Polynesian	0.9239169524687804	0.07608304753121958	97	7	0.07216494845360824	Absent	NA	NA
GB264	Proto-Oceanic	0.9272252701214645	0.07277472987853552	97	7	0.07216494845360824	Absent	0	True Negative
GB264	Proto-Polynesian	0.9250505784196495	0.0749494215803504	97	7	0.07216494845360824	Absent	NA	NA
GB265	Proto-Central Pacific	0.9286941155590681	0.07130588444093187	73	36	0.4931506849315068	Absent	NA	NA
GB265	Proto-Eastern Polynesian	0.927219823526911	0.07278017647308903	73	36	0.4931506849315068	Absent	NA	NA
GB265	Proto-Oceanic	0.9390630499019563	0.06093695009804363	73	36	0.4931506849315068	Absent	NA	NA
GB265	Proto-Polynesian	0.9195550745778944	0.08044492542210555	73	36	0.4931506849315068	Absent	NA	NA
GB266	Proto-Central Pacific	0.20645463141131246	0.7935453685886875	74	32	0.43243243243243246	Present	NA	NA
GB266	Proto-Eastern Polynesian	0.002910336532795605	0.9970896634672044	74	32	0.43243243243243246	Present	NA	NA
GB266	Proto-Oceanic	0.4468109915961726	0.5531890084038273	74	32	0.43243243243243246	Half	NA	NA
GB266	Proto-Polynesian	0.029930061317136814	0.9700699386828632	74	32	0.43243243243243246	Present	NA	NA
GB270	Proto-Central Pacific	NA	NA	62	23	0.3709677419354839	Not enough languages	NA	NA
GB270	Proto-Eastern Polynesian	NA	NA	62	23	0.3709677419354839	Not enough languages	NA	NA
GB270	Proto-Oceanic	NA	NA	62	23	0.3709677419354839	Not enough languages	NA	NA
GB270	Proto-Polynesian	NA	NA	62	23	0.3709677419354839	Not enough languages	NA	NA
GB273	Proto-Central Pacific	NA	NA	61	17	0.2786885245901639	Not enough languages	NA	NA
GB273	Proto-Eastern Polynesian	NA	NA	61	17	0.2786885245901639	Not enough languages	NA	NA
GB273	Proto-Oceanic	NA	NA	61	17	0.2786885245901639	Not enough languages	NA	NA
GB273	Proto-Polynesian	NA	NA	61	17	0.2786885245901639	Not enough languages	NA	NA
GB275	Proto-Central Pacific	0.9700064590538066	0.029993540946193466	84	11	0.13095238095238096	Absent	NA	NA
GB275	Proto-Eastern Polynesian	0.9947206878641591	0.0052793121358409205	84	11	0.13095238095238096	Absent	NA	NA
GB275	Proto-Oceanic	0.9916348874529171	0.008365112547082896	84	11	0.13095238095238096	Absent	NA	NA
GB275	Proto-Polynesian	0.9932823886439487	0.006717611356051363	84	11	0.13095238095238096	Absent	NA	NA
GB276	Proto-Central Pacific	0.32341791713361395	0.6765820828663861	79	38	0.4810126582278481	Present	NA	NA
GB276	Proto-Eastern Polynesian	0.08243834659585096	0.9175616534041491	79	38	0.4810126582278481	Present	NA	NA
GB276	Proto-Oceanic	0.45540383641226506	0.544596163587735	79	38	0.4810126582278481	Half	NA	NA
GB276	Proto-Polynesian	0.10072781504867581	0.8992721849513242	79	38	0.4810126582278481	Present	NA	NA
GB285	Proto-Central Pacific	0.9855265971123836	0.01447340288761648	100	1	0.01	Absent	NA	NA
GB285	Proto-Eastern Polynesian	0.974216622695468	0.02578337730453191	100	1	0.01	Absent	NA	NA
GB285	Proto-Oceanic	0.9855901469524115	0.014409853047588423	100	1	0.01	Absent	0	True Negative
GB285	Proto-Polynesian	0.9824828492602979	0.01751715073970207	100	1	0.01	Absent	NA	NA
GB286	Proto-Central Pacific	0.9616820579212965	0.03831794207870358	99	4	0.04040404040404041	Absent	NA	NA
GB286	Proto-Eastern Polynesian	0.9940172448415198	0.00598275515848026	99	4	0.04040404040404041	Absent	NA	NA
GB286	Proto-Oceanic	0.9572035262978036	0.042796473702196434	99	4	0.04040404040404041	Absent	0	True Negative
GB286	Proto-Polynesian	0.9881980415001044	0.011801958499895624	99	4	0.04040404040404041	Absent	NA	NA
GB291	Proto-Central Pacific	0.9182341795745266	0.08176582042547344	106	7	0.0660377358490566	Absent	NA	NA
GB291	Proto-Eastern Polynesian	0.5831469712731648	0.4168530287268352	106	7	0.0660377358490566	Half	NA	NA
GB291	Proto-Oceanic	0.9358795858704759	0.06412041412952404	106	7	0.0660377358490566	Absent	0	True Negative
GB291	Proto-Polynesian	0.7287965282096086	0.27120347179039134	106	7	0.0660377358490566	Absent	NA	NA
GB296	Proto-Central Pacific	NA	NA	34	1	0.029411764705882353	Not enough languages	NA	NA
GB296	Proto-Eastern Polynesian	NA	NA	34	1	0.029411764705882353	Not enough languages	NA	NA
GB296	Proto-Oceanic	NA	NA	34	1	0.029411764705882353	Not enough languages	NA	NA
GB296	Proto-Polynesian	NA	NA	34	1	0.029411764705882353	Not enough languages	NA	NA
GB297	Proto-Central Pacific	0.9746433572542235	0.025356642745776557	90	2	0.022222222222222223	Absent	NA	NA
GB297	Proto-Eastern Polynesian	0.9691933974377397	0.030806602562260327	90	2	0.022222222222222223	Absent	NA	NA
GB297	Proto-Oceanic	0.9747319882663147	0.025268011733685328	90	2	0.022222222222222223	Absent	0	True Negative
GB297	Proto-Polynesian	0.9701923006569313	0.029807699343068733	90	2	0.022222222222222223	Absent	NA	NA
GB298	Proto-Central Pacific	0.8698653538480584	0.13013464615194165	123	16	0.13008130081300814	Absent	NA	NA
GB298	Proto-Eastern Polynesian	0.8698651409626975	0.13013485903730254	123	16	0.13008130081300814	Absent	NA	NA
GB298	Proto-Oceanic	0.8698653538609089	0.13013464613909112	123	16	0.13008130081300814	Absent	NA	NA
GB298	Proto-Polynesian	0.8698653545702786	0.1301346454297214	123	16	0.13008130081300814	Absent	NA	NA
GB299	Proto-Central Pacific	0.059961340622160755	0.9400386593778393	124	27	0.21774193548387097	Present	NA	NA
GB299	Proto-Eastern Polynesian	0.002965596201662766	0.9970344037983373	124	27	0.21774193548387097	Present	NA	NA
GB299	Proto-Oceanic	0.07702040369477267	0.9229795963052273	124	27	0.21774193548387097	Present	1	True Positive
GB299	Proto-Polynesian	0.007475344731693396	0.9925246552683066	124	27	0.21774193548387097	Present	1	True Positive
GB300	Proto-Central Pacific	0.9587588704432585	0.041241129556741515	84	4	0.047619047619047616	Absent	NA	NA
GB300	Proto-Eastern Polynesian	0.9660076429132098	0.03399235708679016	84	4	0.047619047619047616	Absent	NA	NA
GB300	Proto-Oceanic	0.9670448206823017	0.032955179317698285	84	4	0.047619047619047616	Absent	NA	NA
GB300	Proto-Polynesian	0.9305196062552427	0.06948039374475738	84	4	0.047619047619047616	Absent	NA	NA
GB301	Proto-Central Pacific	0.37146245213057444	0.6285375478694256	70	26	0.37142857142857144	Present	NA	NA
GB301	Proto-Eastern Polynesian	0.37101579378213395	0.628984206217866	70	26	0.37142857142857144	Present	NA	NA
GB301	Proto-Oceanic	0.3714637667978293	0.6285362332021708	70	26	0.37142857142857144	Present	NA	NA
GB301	Proto-Polynesian	0.3714095682509148	0.6285904317490852	70	26	0.37142857142857144	Present	NA	NA
GB302	Proto-Central Pacific	0.9811694952502341	0.018830504749765865	106	4	0.03773584905660377	Absent	NA	NA
GB302	Proto-Eastern Polynesian	0.843602270711629	0.15639772928837098	106	4	0.03773584905660377	Absent	NA	NA
GB302	Proto-Oceanic	0.9899828919208453	0.010017108079154626	106	4	0.03773584905660377	Absent	NA	NA
GB302	Proto-Polynesian	0.965429898720652	0.034570101279347995	106	4	0.03773584905660377	Absent	NA	NA
GB303	Proto-Central Pacific	0.9818743769145761	0.01812562308542389	80	1	0.0125	Absent	NA	NA
GB303	Proto-Eastern Polynesian	0.9815212698248342	0.01847873017516573	80	1	0.0125	Absent	NA	NA
GB303	Proto-Oceanic	0.9818991199506357	0.01810088004936433	80	1	0.0125	Absent	NA	NA
GB303	Proto-Polynesian	0.9815842106499607	0.01841578935003929	80	1	0.0125	Absent	NA	NA
GB304	Proto-Central Pacific	0.7986205324163698	0.20137946758363023	90	20	0.2222222222222222	Absent	NA	NA
GB304	Proto-Eastern Polynesian	0.0013593705817711828	0.9986406294182288	90	20	0.2222222222222222	Present	NA	NA
GB304	Proto-Oceanic	0.9986596388708429	0.0013403611291571394	90	20	0.2222222222222222	Absent	NA	NA
GB304	Proto-Polynesian	0.7892897309104966	0.21071026908950338	90	20	0.2222222222222222	Absent	NA	NA
GB305	Proto-Central Pacific	0.7813767674368601	0.2186232325631399	97	38	0.3917525773195876	Absent	NA	NA
GB305	Proto-Eastern Polynesian	0.9754426349859036	0.02455736501409641	97	38	0.3917525773195876	Absent	NA	NA
GB305	Proto-Oceanic	0.5811157080376169	0.418884291962383	97	38	0.3917525773195876	Half	NA	NA
GB305	Proto-Polynesian	0.9828079945980863	0.017192005401913683	97	38	0.3917525773195876	Absent	NA	NA
GB306	Proto-Central Pacific	0.9942505745107508	0.005749425489249137	95	18	0.18947368421052632	Absent	NA	NA
GB306	Proto-Eastern Polynesian	0.9961289933990156	0.003871006600984346	95	18	0.18947368421052632	Absent	NA	NA
GB306	Proto-Oceanic	0.9902822280648912	0.009717771935108841	95	18	0.18947368421052632	Absent	NA	NA
GB306	Proto-Polynesian	0.9959480438992079	0.004051956100792143	95	18	0.18947368421052632	Absent	NA	NA
GB309	Proto-Central Pacific	0.8116632602199672	0.1883367397800329	122	23	0.1885245901639344	Absent	NA	NA
GB309	Proto-Eastern Polynesian	0.8120101405394703	0.1879898594605297	122	23	0.1885245901639344	Absent	NA	NA
GB309	Proto-Oceanic	0.811651909646335	0.1883480903536649	122	23	0.1885245901639344	Absent	NA	NA
GB309	Proto-Polynesian	0.8117632273726298	0.18823677262737012	122	23	0.1885245901639344	Absent	NA	NA
GB312	Proto-Central Pacific	0.7207292795862108	0.2792707204137892	117	35	0.29914529914529914	Absent	NA	NA
GB312	Proto-Eastern Polynesian	0.9998414332722698	1.5856672773013233e-4	117	35	0.29914529914529914	Absent	NA	NA
GB312	Proto-Oceanic	0.5799805322601029	0.4200194677398971	117	35	0.29914529914529914	Half	1	Half
GB312	Proto-Polynesian	0.9836148280545545	0.01638517194544556	117	35	0.29914529914529914	Absent	NA	NA
GB313	Proto-Central Pacific	0.5695563878788643	0.4304436121211357	117	51	0.4358974358974359	Half	NA	NA
GB313	Proto-Eastern Polynesian	0.5680690553334351	0.43193094466656495	117	51	0.4358974358974359	Half	NA	NA
GB313	Proto-Oceanic	0.5640627031513556	0.4359372968486444	117	51	0.4358974358974359	Half	NA	NA
GB313	Proto-Polynesian	0.5726664157098745	0.42733358429012547	117	51	0.4358974358974359	Half	NA	NA
GB314	Proto-Central Pacific	0.9979303850670279	0.002069614932972092	113	1	0.008849557522123894	Absent	NA	NA
GB314	Proto-Eastern Polynesian	0.9995450700508666	4.5492994913348163e-4	113	1	0.008849557522123894	Absent	NA	NA
GB314	Proto-Oceanic	0.9983249387367277	0.001675061263272374	113	1	0.008849557522123894	Absent	NA	NA
GB314	Proto-Polynesian	0.9993143624597121	6.856375402879536e-4	113	1	0.008849557522123894	Absent	NA	NA
GB315	Proto-Central Pacific	NA	NA	112	0	0	NA	NA	NA
GB315	Proto-Eastern Polynesian	NA	NA	112	0	0	NA	NA	NA
GB315	Proto-Oceanic	NA	NA	112	0	0	NA	NA	NA
GB315	Proto-Polynesian	NA	NA	112	0	0	NA	NA	NA
GB316	Proto-Central Pacific	0.7047194176496416	0.29528058235035837	118	27	0.2288135593220339	Absent	NA	NA
GB316	Proto-Eastern Polynesian	0.2843984869595936	0.7156015130404064	118	27	0.2288135593220339	Present	NA	NA
GB316	Proto-Oceanic	0.8343638722110607	0.1656361277889393	118	27	0.2288135593220339	Absent	NA	NA
GB316	Proto-Polynesian	0.09249408730387633	0.9075059126961237	118	27	0.2288135593220339	Present	NA	NA
GB317	Proto-Central Pacific	0.8167454172158736	0.18325458278412646	116	21	0.1810344827586207	Absent	NA	NA
GB317	Proto-Eastern Polynesian	0.8152306852155585	0.18476931478444147	116	21	0.1810344827586207	Absent	NA	NA
GB317	Proto-Oceanic	0.8167564916050685	0.18324350839493156	116	21	0.1810344827586207	Absent	NA	NA
GB317	Proto-Polynesian	0.8162324496455459	0.18376755035445416	116	21	0.1810344827586207	Absent	NA	NA
GB318	Proto-Central Pacific	0.7836442364338492	0.21635576356615083	118	56	0.4745762711864407	Absent	NA	NA
GB318	Proto-Eastern Polynesian	3.3174616247857487e-4	0.9996682538375214	118	56	0.4745762711864407	Present	NA	NA
GB318	Proto-Oceanic	0.929282906735094	0.070717093264906	118	56	0.4745762711864407	Absent	NA	NA
GB318	Proto-Polynesian	0.030418338887740124	0.9695816611122599	118	56	0.4745762711864407	Present	1	True Positive
GB319	Proto-Central Pacific	0.9819593194911292	0.01804068050887072	122	4	0.03278688524590164	Absent	NA	NA
GB319	Proto-Eastern Polynesian	0.9984893075642561	0.0015106924357438387	122	4	0.03278688524590164	Absent	NA	NA
GB319	Proto-Oceanic	0.9811606857320102	0.018839314267989793	122	4	0.03278688524590164	Absent	NA	NA
GB319	Proto-Polynesian	0.9967255994413703	0.003274400558629679	122	4	0.03278688524590164	Absent	NA	NA
GB320	Proto-Central Pacific	0.9951345975678314	0.004865402432168593	119	11	0.09243697478991597	Absent	NA	NA
GB320	Proto-Eastern Polynesian	0.9821786485990412	0.01782135140095872	119	11	0.09243697478991597	Absent	NA	NA
GB320	Proto-Oceanic	0.9963470883332918	0.003652911666708231	119	11	0.09243697478991597	Absent	NA	NA
GB320	Proto-Polynesian	0.9964634080140389	0.0035365919859611707	119	11	0.09243697478991597	Absent	NA	NA
GB321	Proto-Central Pacific	0.980719034087719	0.019280965912280967	116	2	0.017241379310344827	Absent	NA	NA
GB321	Proto-Eastern Polynesian	0.9788772665016988	0.02112273349830116	116	2	0.017241379310344827	Absent	NA	NA
GB321	Proto-Oceanic	0.9808697646981779	0.01913023530182216	116	2	0.017241379310344827	Absent	NA	NA
GB321	Proto-Polynesian	0.9781163323059863	0.02188366769401377	116	2	0.017241379310344827	Absent	NA	NA
GB322	Proto-Central Pacific	NA	NA	55	5	0.09090909090909091	Not enough languages	NA	NA
GB322	Proto-Eastern Polynesian	NA	NA	55	5	0.09090909090909091	Not enough languages	NA	NA
GB322	Proto-Oceanic	NA	NA	55	5	0.09090909090909091	Not enough languages	NA	NA
GB322	Proto-Polynesian	NA	NA	55	5	0.09090909090909091	Not enough languages	NA	NA
GB323	Proto-Central Pacific	NA	NA	53	1	0.018867924528301886	Not enough languages	NA	NA
GB323	Proto-Eastern Polynesian	NA	NA	53	1	0.018867924528301886	Not enough languages	NA	NA
GB323	Proto-Oceanic	NA	NA	53	1	0.018867924528301886	Not enough languages	NA	NA
GB323	Proto-Polynesian	NA	NA	53	1	0.018867924528301886	Not enough languages	NA	NA
GB324	Proto-Central Pacific	0.6422000704857298	0.3577999295142702	109	39	0.3577981651376147	Absent	NA	NA
GB324	Proto-Eastern Polynesian	0.6422000704857298	0.3577999295142702	109	39	0.3577981651376147	Absent	NA	NA
GB324	Proto-Oceanic	0.6422000704857298	0.3577999295142702	109	39	0.3577981651376147	Absent	NA	NA
GB324	Proto-Polynesian	0.6422000704857298	0.3577999295142702	109	39	0.3577981651376147	Absent	NA	NA
GB325	Proto-Central Pacific	0.955834388497858	0.04416561150214201	92	4	0.043478260869565216	Absent	NA	NA
GB325	Proto-Eastern Polynesian	0.9558344103726993	0.044165589627300696	92	4	0.043478260869565216	Absent	NA	NA
GB325	Proto-Oceanic	0.9558343884976871	0.04416561150231288	92	4	0.043478260869565216	Absent	NA	NA
GB325	Proto-Polynesian	0.9558343884638804	0.04416561153611967	92	4	0.043478260869565216	Absent	NA	NA
GB326	Proto-Central Pacific	0.15012480651629778	0.8498751934837022	105	16	0.1523809523809524	Present	NA	NA
GB326	Proto-Eastern Polynesian	0.1454177228702449	0.8545822771297551	105	16	0.1523809523809524	Present	NA	NA
GB326	Proto-Oceanic	0.1510068714840901	0.8489931285159099	105	16	0.1523809523809524	Present	NA	NA
GB326	Proto-Polynesian	0.14763520427075702	0.852364795729243	105	16	0.1523809523809524	Present	NA	NA
GB327	Proto-Central Pacific	0.012885271482791576	0.9871147285172084	113	1	0.008849557522123894	Present	NA	NA
GB327	Proto-Eastern Polynesian	0.012046882883817623	0.9879531171161824	113	1	0.008849557522123894	Present	NA	NA
GB327	Proto-Oceanic	0.012903309178783679	0.9870966908212163	113	1	0.008849557522123894	Present	NA	NA
GB327	Proto-Polynesian	0.012461029672365127	0.9875389703276348	113	1	0.008849557522123894	Present	1	True Positive
GB328	Proto-Central Pacific	0.9981616868770085	0.001838313122991557	108	3	0.027777777777777776	Absent	NA	NA
GB328	Proto-Eastern Polynesian	0.997727441462413	0.0022725585375869537	108	3	0.027777777777777776	Absent	NA	NA
GB328	Proto-Oceanic	0.9984410185043742	0.0015589814956258215	108	3	0.027777777777777776	Absent	NA	NA
GB328	Proto-Polynesian	0.9990608696316102	9.391303683897933e-4	108	3	0.027777777777777776	Absent	0	True Negative
GB329	Proto-Central Pacific	0.9415327464838243	0.058467253516175696	103	6	0.05825242718446602	Absent	NA	NA
GB329	Proto-Eastern Polynesian	0.9415177997405951	0.0584822002594049	103	6	0.05825242718446602	Absent	NA	NA
GB329	Proto-Oceanic	0.9415327443567005	0.058467255643299444	103	6	0.05825242718446602	Absent	NA	NA
GB329	Proto-Polynesian	0.941532024125848	0.058467975874151965	103	6	0.05825242718446602	Absent	NA	NA
GB330	Proto-Central Pacific	0.928968068327438	0.07103193167256207	98	7	0.07142857142857142	Absent	NA	NA
GB330	Proto-Eastern Polynesian	0.9294473416813239	0.07055265831867605	98	7	0.07142857142857142	Absent	NA	NA
GB330	Proto-Oceanic	0.9289894379222595	0.07101056207774045	98	7	0.07142857142857142	Absent	NA	NA
GB330	Proto-Polynesian	0.9288294594789507	0.07117054052104932	98	7	0.07142857142857142	Absent	NA	NA
GB331	Proto-Central Pacific	0.8705875280648055	0.12941247193519448	99	12	0.12121212121212122	Absent	NA	NA
GB331	Proto-Eastern Polynesian	0.6617474695448021	0.3382525304551978	99	12	0.12121212121212122	Absent	NA	NA
GB331	Proto-Oceanic	0.8771116366328503	0.12288836336714976	99	12	0.12121212121212122	Absent	NA	NA
GB331	Proto-Polynesian	0.767417684846156	0.232582315153844	99	12	0.12121212121212122	Absent	NA	NA
GB333	Proto-Central Pacific	0.002719632602821072	0.997280367397179	120	21	0.175	Present	NA	NA
GB333	Proto-Eastern Polynesian	1.7449481462432153e-5	0.9999825505185376	120	21	0.175	Present	NA	NA
GB333	Proto-Oceanic	0.010130573078338864	0.9898694269216611	120	21	0.175	Present	1	True Positive
GB333	Proto-Polynesian	9.623768857143321e-4	0.9990376231142857	120	21	0.175	Present	NA	NA
GB334	Proto-Central Pacific	0.9895394639957951	0.01046053600420495	115	40	0.34782608695652173	Absent	NA	NA
GB334	Proto-Eastern Polynesian	0.9999721234092229	2.7876590777106677e-5	115	40	0.34782608695652173	Absent	NA	NA
GB334	Proto-Oceanic	0.8449745549356195	0.1550254450643806	115	40	0.34782608695652173	Absent	NA	NA
GB334	Proto-Polynesian	0.9992280299845372	7.719700154627549e-4	115	40	0.34782608695652173	Absent	NA	NA
GB335	Proto-Central Pacific	0.9995969024860162	4.030975139837885e-4	117	14	0.11965811965811966	Absent	NA	NA
GB335	Proto-Eastern Polynesian	0.9999327846366849	6.721536331511778e-5	117	14	0.11965811965811966	Absent	NA	NA
GB335	Proto-Oceanic	0.9997223145954345	2.7768540456548686e-4	117	14	0.11965811965811966	Absent	NA	NA
GB335	Proto-Polynesian	0.9994701356903936	5.298643096064349e-4	117	14	0.11965811965811966	Absent	NA	NA
GB336	Proto-Central Pacific	0.9878166116776388	0.012183388322361204	109	1	0.009174311926605505	Absent	NA	NA
GB336	Proto-Eastern Polynesian	0.9973076186208155	0.0026923813791844865	109	1	0.009174311926605505	Absent	NA	NA
GB336	Proto-Oceanic	0.9873312649023888	0.01266873509761123	109	1	0.009174311926605505	Absent	NA	NA
GB336	Proto-Polynesian	0.9957369298838676	0.004263070116132371	109	1	0.009174311926605505	Absent	NA	NA
GB400	Proto-Central Pacific	0.9505754237369322	0.04942457626306787	102	5	0.049019607843137254	Absent	NA	NA
GB400	Proto-Eastern Polynesian	0.9528763731854563	0.047123626814543754	102	5	0.049019607843137254	Absent	NA	NA
GB400	Proto-Oceanic	0.9504223180261138	0.049577681973886206	102	5	0.049019607843137254	Absent	NA	NA
GB400	Proto-Polynesian	0.952166765345771	0.047833234654229	102	5	0.049019607843137254	Absent	NA	NA
GB401	Proto-Central Pacific	NA	NA	65	24	0.36923076923076925	Not enough languages	NA	NA
GB401	Proto-Eastern Polynesian	NA	NA	65	24	0.36923076923076925	Not enough languages	NA	NA
GB401	Proto-Oceanic	NA	NA	65	24	0.36923076923076925	Not enough languages	NA	NA
GB401	Proto-Polynesian	NA	NA	65	24	0.36923076923076925	Not enough languages	NA	NA
GB402	Proto-Central Pacific	0.9836524611010867	0.016347538898913296	82	1	0.012195121951219513	Absent	NA	NA
GB402	Proto-Eastern Polynesian	0.9961262023058701	0.003873797694129862	82	1	0.012195121951219513	Absent	NA	NA
GB402	Proto-Oceanic	0.9829087434344701	0.01709125656552989	82	1	0.012195121951219513	Absent	NA	NA
GB402	Proto-Polynesian	0.9940323330865474	0.005967666913452669	82	1	0.012195121951219513	Absent	NA	NA
GB403	Proto-Central Pacific	0.7683108984188817	0.2316891015811183	86	13	0.1511627906976744	Absent	NA	NA
GB403	Proto-Eastern Polynesian	0.13653027656382902	0.863469723436171	86	13	0.1511627906976744	Present	NA	NA
GB403	Proto-Oceanic	0.962732620757641	0.03726737924235906	86	13	0.1511627906976744	Absent	NA	NA
GB403	Proto-Polynesian	0.014275372740705967	0.985724627259294	86	13	0.1511627906976744	Present	NA	NA
GB408	Proto-Central Pacific	0.5841202250669781	0.4158797749330219	117	45	0.38461538461538464	Half	NA	NA
GB408	Proto-Eastern Polynesian	0.12237570091271284	0.8776242990872871	117	45	0.38461538461538464	Present	1	True Positive
GB408	Proto-Oceanic	0.6509665770396861	0.3490334229603139	117	45	0.38461538461538464	Absent	1	False Negative
GB408	Proto-Polynesian	0.4432966530298146	0.5567033469701854	117	45	0.38461538461538464	Half	1	Half
GB408	Proto-Polynesian	0.4432966530298146	0.5567033469701854	117	45	0.38461538461538464	Half	0	Half
GB409	Proto-Central Pacific	0.8380706005696992	0.16192939943030088	115	27	0.23478260869565218	Absent	1	False Negative
GB409	Proto-Central Pacific	0.8380706005696992	0.16192939943030088	115	27	0.23478260869565218	Absent	0	True Negative
GB409	Proto-Eastern Polynesian	0.006447757023407952	0.9935522429765921	115	27	0.23478260869565218	Present	0	False Positive
GB409	Proto-Oceanic	0.9814953325420184	0.018504667457981665	115	27	0.23478260869565218	Absent	0	True Negative
GB409	Proto-Polynesian	0.015585984902479288	0.9844140150975207	115	27	0.23478260869565218	Present	0	False Positive
GB409	Proto-Polynesian	0.015585984902479288	0.9844140150975207	115	27	0.23478260869565218	Present	1	True Positive
GB410	Proto-Central Pacific	0.30104838654202587	0.6989516134579742	113	34	0.3008849557522124	Present	1	True Positive
GB410	Proto-Eastern Polynesian	0.3013329856879417	0.6986670143120584	113	34	0.3008849557522124	Present	NA	NA
GB410	Proto-Oceanic	0.30104500282775243	0.6989549971722476	113	34	0.3008849557522124	Present	NA	NA
GB410	Proto-Polynesian	0.30109659213952983	0.6989034078604702	113	34	0.3008849557522124	Present	NA	NA
GB415	Proto-Central Pacific	0.8259833997708386	0.17401660022916143	92	16	0.17391304347826086	Absent	NA	NA
GB415	Proto-Eastern Polynesian	0.8259884211699395	0.1740115788300605	92	16	0.17391304347826086	Absent	NA	NA
GB415	Proto-Oceanic	0.8259833975493157	0.17401660245068432	92	16	0.17391304347826086	Absent	NA	NA
GB415	Proto-Polynesian	0.8259837030400932	0.17401629695990678	92	16	0.17391304347826086	Absent	NA	NA
GB421	Proto-Central Pacific	0.3649266106959834	0.6350733893040166	92	31	0.33695652173913043	Present	NA	NA
GB421	Proto-Eastern Polynesian	0.5870223008622503	0.41297769913774973	92	31	0.33695652173913043	Half	NA	NA
GB421	Proto-Oceanic	0.35004515675162856	0.6499548432483714	92	31	0.33695652173913043	Present	NA	NA
GB421	Proto-Polynesian	0.6231974427727296	0.3768025572272704	92	31	0.33695652173913043	Absent	NA	NA
GB422	Proto-Central Pacific	0.9926696366658327	0.007330363334167262	96	4	0.041666666666666664	Absent	NA	NA
GB422	Proto-Eastern Polynesian	0.999195002188532	8.04997811468025e-4	96	4	0.041666666666666664	Absent	NA	NA
GB422	Proto-Oceanic	0.9969110753557284	0.003088924644271514	96	4	0.041666666666666664	Absent	NA	NA
GB422	Proto-Polynesian	0.9981538836440413	0.0018461163559586981	96	4	0.041666666666666664	Absent	NA	NA
GB430	Proto-Central Pacific	0.9983959609160884	0.0016040390839116019	123	15	0.12195121951219512	Absent	NA	NA
GB430	Proto-Eastern Polynesian	0.9991964473516785	8.035526483215512e-4	123	15	0.12195121951219512	Absent	NA	NA
GB430	Proto-Oceanic	0.9988006068577734	0.0011993931422265623	123	15	0.12195121951219512	Absent	0	True Negative
GB430	Proto-Polynesian	0.9983421256260248	0.0016578743739752012	123	15	0.12195121951219512	Absent	NA	NA
GB431	Proto-Central Pacific	0.9176174851677241	0.08238251483227586	124	10	0.08064516129032258	Absent	NA	NA
GB431	Proto-Eastern Polynesian	0.9342552006838825	0.06574479931611756	124	10	0.08064516129032258	Absent	NA	NA
GB431	Proto-Oceanic	0.9173922397207251	0.08260776027927486	124	10	0.08064516129032258	Absent	0	True Negative
GB431	Proto-Polynesian	0.9256298777111797	0.07437012228882035	124	10	0.08064516129032258	Absent	NA	NA
GB432	Proto-Central Pacific	0.9013991524233045	0.09860084757669552	122	12	0.09836065573770492	Absent	NA	NA
GB432	Proto-Eastern Polynesian	0.9014269638426442	0.09857303615735584	122	12	0.09836065573770492	Absent	NA	NA
GB432	Proto-Oceanic	0.9013991528517389	0.09860084714826108	122	12	0.09836065573770492	Absent	0	True Negative
GB432	Proto-Polynesian	0.9013978924989423	0.09860210750105766	122	12	0.09836065573770492	Absent	NA	NA
GB433	Proto-Central Pacific	0.20233903920196575	0.7976609607980343	126	35	0.2777777777777778	Present	NA	NA
GB433	Proto-Eastern Polynesian	0.9999984809671281	1.5190328719386928e-6	126	35	0.2777777777777778	Absent	NA	NA
GB433	Proto-Oceanic	1.1527655979939744e-5	0.9999884723440201	126	35	0.2777777777777778	Present	1	True Positive
GB433	Proto-Polynesian	0.9949342167823931	0.005065783217606881	126	35	0.2777777777777778	Absent	NA	NA
GB519	Proto-Central Pacific	0.038959143826837093	0.9610408561731629	106	35	0.330188679245283	Present	NA	NA
GB519	Proto-Eastern Polynesian	0.011460551035411805	0.9885394489645882	106	35	0.330188679245283	Present	NA	NA
GB519	Proto-Oceanic	0.4433739159801013	0.5566260840198987	106	35	0.330188679245283	Half	NA	NA
GB519	Proto-Polynesian	0.038959143826837093	0.9610408561731629	106	35	0.330188679245283	Present	1	True Positive
GB520	Proto-Central Pacific	0.37105426149841647	0.6289457385015835	120	26	0.21666666666666667	Present	1	True Positive
GB520	Proto-Eastern Polynesian	0.003067069832305359	0.9969329301676947	120	26	0.21666666666666667	Present	NA	NA
GB520	Proto-Oceanic	0.9581320370260581	0.041867962973941866	120	26	0.21666666666666667	Absent	NA	NA
GB520	Proto-Polynesian	0.027354464762038636	0.9726455352379614	120	26	0.21666666666666667	Present	1	True Positive
GB521	Proto-Central Pacific	0.4292896202664668	0.5707103797335332	117	51	0.4358974358974359	Half	1	Half
GB521	Proto-Eastern Polynesian	0.006765705398570345	0.9932342946014296	117	51	0.4358974358974359	Present	NA	NA
GB521	Proto-Oceanic	0.7507124726119387	0.24928752738806126	117	51	0.4358974358974359	Absent	0	True Negative
GB521	Proto-Polynesian	0.025601829720108063	0.974398170279892	117	51	0.4358974358974359	Present	NA	NA
GB522	Proto-Central Pacific	0.2991988684442812	0.7008011315557189	109	29	0.26605504587155965	Present	NA	NA
GB522	Proto-Eastern Polynesian	0.026669257693576538	0.9733307423064235	109	29	0.26605504587155965	Present	NA	NA
GB522	Proto-Oceanic	0.23112541731316777	0.7688745826868322	109	29	0.26605504587155965	Present	1	True Positive
GB522	Proto-Polynesian	0.05782942381833265	0.9421705761816673	109	29	0.26605504587155965	Present	1	True Positive
