mean_D	mean_Pval1	mean_Pval0	Feature_ID	n	tree_type	ntip	min	min_p	Feature_tree	Parameters_observed	Parameters_MeanRandom	Parameters_MeanBrownian	summarise_col
0.33396419227910573	0	0.03655	GB020	1	glottolog	254	118	0.4645669291338583	GB020_glottolog	77.61560681216932	109.42061174826398	61.667916521669326	dissimilar to both
0.5340187972185491	0	0.0025	GB021	1	glottolog	237	78	0.3291139240506329	GB021_glottolog	73.6166008922368	91.60220281939488	53.00493361668528	dissimilar to both
-0.05040315560906625	0	0.61125	GB022	1	glottolog	258	122	0.4728682170542636	GB022_glottolog	60.06786456346442	110.80083261573041	62.50226479312237	similar to 0
0.6305464724182389	4e-4	0.0011	GB023	1	glottolog	259	58	0.22393822393822393	GB023_glottolog	67.97772513984259	80.38875371690384	46.795818068685804	dissimilar to both
-0.04794390182058314	0	0.6069	GB024a	1	glottolog	253	98	0.38735177865612647	GB024a_glottolog	57.21567057060783	104.27632832496951	59.36871669365638	similar to 0
-0.22208787206852815	0	0.854	GB024b	1	glottolog	253	79	0.31225296442687744	GB024b_glottolog	45.67659891582589	95.31136279998847	54.69663695367934	similar to 0
0.41444443398386194	0	0.0213	GB025a	1	glottolog	258	67	0.25968992248062017	GB025a_glottolog	66.02106691247296	87.73563762814291	50.65193118606037	dissimilar to both
0.4437854279138183	0	0.0368	GB025b	1	glottolog	258	38	0.14728682170542637	GB025b_glottolog	46.15040897595735	59.23148828988417	35.71344332953028	dissimilar to both
1.099514604631827	0.52465	0.2154	GB026	1	glottolog	234	2	0.008547008547008548	GB026_glottolog	3.9898148148148147	3.943674215025733	3.480017649642314	similar to both, above 1
0.36899113456271315	0	0.046	GB027	1	glottolog	213	63	0.29577464788732394	GB027_glottolog	58.0569630673907	78.24439622862377	46.25208317729563	dissimilar to both
-0.16043871150808978	0.1728	0.48575	GB028	1	glottolog	271	7	0.025830258302583026	GB028_glottolog	11.54985611142605	17.07316644601964	12.313492126455126	similar to both, below 0
0.2659387217816754	0.00435	0.3545	GB030	1	glottolog	266	7	0.02631578947368421	GB030_glottolog	10.7130238791423	13.317335616815743	9.769523172608778	similar to 0
0.1490509412385291	0	0.23535	GB031	1	glottolog	261	90	0.3448275862068966	GB031_glottolog	64.87628410824097	102.71303094662265	58.24885715289185	similar to 0
0.6413836067464234	1e-4	2.5e-4	GB035	1	glottolog	237	81	0.34177215189873417	GB035_glottolog	78.98076295302417	93.19212133644503	53.56382031404295	dissimilar to both
0.4305482433662359	2.5e-4	0.121	GB036	1	glottolog	237	17	0.07172995780590717	GB036_glottolog	24.09229839733312	29.907923194251552	19.69524981293353	similar to 0
0.7931450310910444	0.0654	0.00205	GB037	1	glottolog	235	23	0.09787234042553192	GB037_glottolog	35.839288293506705	38.77368243164261	24.587926326226356	similar to 1
0.39581598999805234	0.0202	0.29445	GB038	1	glottolog	249	6	0.024096385542168676	GB038_glottolog	9.761911500058051	11.467373890881632	8.6446206193773385	similar to 0
0.7069107348621446	0.0254	0.00955	GB039	1	glottolog	241	19	0.07883817427385892	GB039_glottolog	29.59961066454122	33.025338049639224	21.33699667184532	dissimilar to both
1.011003802588894	0.4823	0.0553	GB041	1	glottolog	195	5	0.02564102564102564	GB041_glottolog	9.555126822301025	9.531486544174557	7.3831130218862056	similar to both, above 1
0.8396171374740626	0.19195	0.03855	GB042	1	glottolog	263	8	0.030418250950570342	GB042_glottolog	14.415641534391535	15.094383205939764	10.862374493422477	similar to 1
0.9183334092864326	0.30555	0.02255	GB043	1	glottolog	261	8	0.03065134099616858	GB043_glottolog	14.739388227513228	15.081009381598198	10.897889318668764	similar to 1
0.6564608002518366	0.00225	0.00225	GB044	1	glottolog	262	37	0.14122137404580154	GB044_glottolog	50.27090498236331	58.22029373475264	35.08060906931491	dissimilar to both
			GB046	1	glottolog	134	41	0.30597014925373134	GB046_glottolog	44.771872753018584	50.20514122993204	31.459010548788303	
0.514399486348638	5e-5	0.00855	GB047	1	glottolog	199	58	0.2914572864321608	GB047_glottolog	58.43340653264673	72.82056979799236	43.19299968451647	dissimilar to both
0.3268896298791645	0	0.066	GB048	1	glottolog	186	69	0.3709677419354839	GB048_glottolog	55.26020096795594	76.20976743498733	45.08624386890327	similar to 0
0.7918646018998226	0.02965	0	GB049	1	glottolog	190	77	0.4052631578947368	GB049_glottolog	72.34058818399964	79.14097686190927	46.46806903372459	dissimilar to both
-0.7069823707315435	6e-4	0.81445	GB051	1	glottolog	251	4	0.01593625498007968	GB051_glottolog	5.114766081871345	7.760897451105267	6.210716608815784	similar to 0
-0.1379869022713157	0.002	0.614	GB052	1	glottolog	250	5	0.02	GB052_glottolog	7.162385964912281	9.62141473365262	7.460556147466481	similar to 0
1.058542620051033	0.63265	1e-4	GB053	1	glottolog	245	16	0.0653061224489796	GB053_glottolog	29.04459101789307	28.475258668413783	18.7501669492016	similar to 1
-0.14742186778021713	0.0012	0.61775	GB054	1	glottolog	245	5	0.02040816326530612	GB054_glottolog	7.103873654725048	9.625996075615841	7.427918374891827	similar to 0
-0.1461048738734115	0	0.7528	GB057	1	glottolog	244	63	0.2581967213114754	GB057_glottolog	42.98646802079823	82.7510395618009	48.055635635445455	similar to 0
0.39606514186536457	0	0.01575	GB058	1	glottolog	251	112	0.44621513944223107	GB058_glottolog	79.0293688398184	107.0086425637443	60.680345153747034	dissimilar to both
1.0516929397785615	0.58885	0.0021	GB059	1	glottolog	260	10	0.038461538461538464	GB059_glottolog	18.891481210742906	18.60004219198996	12.962153923274894	similar to 1
0.25218103065727887	0	0.09275	GB065a	1	glottolog	262	108	0.4122137404580153	GB065a_glottolog	74.00704945080781	109.82010911272343	61.93009678341235	similar to 0
0.08562536219127041	0	0.3698	GB065b	1	glottolog	262	61	0.23282442748091603	GB065b_glottolog	51.1760080005192	83.33280831502012	48.16472842211791	similar to 0
0.6805260786948469	0.0012	3.5e-4	GB068	1	glottolog	223	66	0.29596412556053814	GB068_glottolog	71.11785532003367	81.9608468862466	48.02070078006102	dissimilar to both
0.8771527119104614	0.12015	0	GB069	1	glottolog	206	71	0.3446601941747573	GB069_glottolog	77.28897218471691	81.39530377840124	47.968993295329064	similar to 1
0.8876731097909913	0.20505	0.00205	GB070	1	glottolog	258	17	0.06589147286821706	GB070_glottolog	29.00823082010582	30.181451678628584	19.73675000176624	similar to 1
0.7952851881501629	0.02045	0	GB071	1	glottolog	255	64	0.25098039215686274	GB071_glottolog	77.53826343572308	84.827205877492	49.22185628942445	dissimilar to both
0.5017723826749841	0	0.01655	GB072	1	glottolog	256	43	0.16796875	GB072_glottolog	51.87634231051767	64.94095239701801	38.71878077866367	dissimilar to both
0.7415035350574777	0.00565	0	GB073	1	glottolog	248	61	0.24596774193548387	GB073_glottolog	72.87710526832593	81.64110234721747	47.73736180345319	dissimilar to both
-0.5301069597856799	0	0.94295	GB074	1	glottolog	266	25	0.09398496240601503	GB074_glottolog	18.24673793859649	42.363401974880844	26.601978316196	similar to 0
-0.17189810295894187	0	0.76325	GB075	1	glottolog	256	48	0.1875	GB075_glottolog	36.728845593278464	70.30367670050353	41.653718975978244	similar to 0
0.8288344084306289	0.0869	0.001	GB079	1	glottolog	262	23	0.08778625954198473	GB079_glottolog	36.93037771898883	39.42314714834792	24.859651024485853	similar to 1
0.6372415394478361	1e-4	7e-4	GB080	1	glottolog	261	56	0.21455938697318008	GB080_glottolog	66.74330694875994	78.68111293380105	45.77269787748431	dissimilar to both
0.16178623859567626	0	0.32975	GB081	1	glottolog	245	23	0.09387755102040816	GB081_glottolog	26.84498366543932	39.00751578611567	24.49745560731411	similar to 0
0.32148053128225823	0	0.13445	GB082	1	glottolog	259	29	0.11196911196911197	GB082_glottolog	35.29276060776288	47.751369415852686	29.389908348812206	similar to 0
0.5658567063184555	1.5e-4	0.0063	GB083	1	glottolog	261	41	0.15708812260536398	GB083_glottolog	51.840494715406514	62.94699036668972	37.364433149002714	dissimilar to both
0.5008118244560007	0	0.0129	GB084	1	glottolog	261	47	0.18007662835249041	GB084_glottolog	55.352478780864196	69.66118188569463	40.99723549065579	dissimilar to both
0.5632199813492652	0	0.0011	GB086	1	glottolog	244	96	0.39344262295081966	GB086_glottolog	82.04664262539242	101.03568124472196	57.56061872242773	dissimilar to both
0.533758850395666	7.5e-4	0.02715	GB089	1	glottolog	267	27	0.10112359550561797	GB089_glottolog	37.22279948354283	45.22119052100283	28.066138796701637	dissimilar to both
0.005300465421722153	0	0.50065	GB090	1	glottolog	267	131	0.49063670411985016	GB090_glottolog	65.05457418890458	115.20480927107295	64.78733812645184	similar to 0
0.22722577937195573	0	0.3028	GB091	1	glottolog	263	16	0.060836501901140684	GB091_glottolog	21.074767258183773	28.62677556223428	18.854182089961245	similar to 0
0.08360512880424355	0	0.34045	GB092	1	glottolog	263	128	0.4866920152091255	GB092_glottolog	67.81515289260828	113.32601520523355	63.663076505848984	similar to 0
0.1521831649284313	0	0.21905	GB093	1	glottolog	265	108	0.4075471698113208	GB093_glottolog	69.72362268518519	110.75236481689	62.35896139002675	similar to 0
0.6053767901620241	0.07815	0.2141	GB094	1	glottolog	265	5	0.018867924528301886	GB094_glottolog	8.769225146198831	9.634540782017131	7.441776610407508	similar to both, between 0 & 1
0.821711872390654	0.1206	0.00475	GB095	1	glottolog	231	17	0.0735930735930736	GB095_glottolog	27.98948764113116	29.80688242181916	19.61329967989837	similar to 1
0.8857411682671995	0.1721	1e-4	GB096	1	glottolog	238	28	0.11764705882352941	GB096_glottolog	43.732299460655945	45.69855410076591	28.489778111281417	similar to 1
0.9099428031062952	0.1892	0	GB098	1	glottolog	238	49	0.20588235294117646	GB098_glottolog	67.33557249605495	69.87730054454508	41.65381440284172	similar to 1
0.3583748627438087	0.0329	0.348	GB099	1	glottolog	202	5	0.024752475247524754	GB099_glottolog	8.186025521319639	9.551498062835366	7.423351171092697	similar to 0
0.44923242892549226	5e-5	0.0635	GB103	1	glottolog	217	27	0.12442396313364056	GB103_glottolog	34.83424083313335	43.74303762728865	27.567799174569146	similar to 0
0.27229779259196746	0	0.18705	GB104	1	glottolog	219	28	0.1278538812785388	GB104_glottolog	32.61516421335866	44.95761752662095	27.99676020391984	similar to 0
0.6559622668903852	0.00105	3e-4	GB105	1	glottolog	204	94	0.46078431372549017	GB105_glottolog	75.44712680452479	88.05830304630189	51.401927805743554	dissimilar to both
0.41063405066279274	0	0.02145	GB107	1	glottolog	261	65	0.24904214559386972	GB107_glottolog	64.96433632818331	86.53712305139034	49.93374148944655	dissimilar to both
0.4522058348099726	0	0.0104	GB108	1	glottolog	244	80	0.32786885245901637	GB108_glottolog	72.19888751282406	94.14683350345692	54.08078792405719	dissimilar to both
0.17107532712389903	0	0.3572	GB109	1	glottolog	200	17	0.085	GB109_glottolog	21.08760211284721	29.27255328883138	19.398373590952403	similar to 0
			GB110	1	glottolog	202	0	0	GB110_glottolog				all same
0.5390552406091611	0.00105	0.03455	GB111	1	glottolog	246	24	0.0975609756097561	GB111_glottolog	33.58359618933307	40.43274484915195	25.573808891467205	dissimilar to both
0.3743562279661592	0	0.05425	GB113	1	glottolog	242	49	0.2024793388429752	GB113_glottolog	52.252681327160495	70.10600438550817	41.57008049976381	similar to 0
0.8600877733878717	0.1332	5e-4	GB114	1	glottolog	214	29	0.13551401869158877	GB114_glottolog	43.677151476459926	46.107835979155716	28.734911814105754	similar to 1
0.4002415460470318	0	0.0176	GB115	1	glottolog	228	104	0.45614035087719296	GB115_glottolog	72.94241650132275	97.55824251271902	56.51534291012903	dissimilar to both
0.1474735465787563	0.03995	0.51695	GB116	1	glottolog	222	3	0.013513513513513514	GB116_glottolog	5.035185185185186	5.861182131676148	4.892300822273744	similar to 0
0.690059202326775	0.002	4e-4	GB117	1	glottolog	231	53	0.22943722943722944	GB117_glottolog	63.673922370068205	72.96930639561828	42.97846912820463	dissimilar to both
0.4766177282967132	0	0.02525	GB118	1	glottolog	216	41	0.18981481481481483	GB118_glottolog	47.678701428002505	59.908783869741285	36.541384737291885	dissimilar to both
0.6158642440130986	4e-4	0.0016	GB119	1	glottolog	246	52	0.21138211382113822	GB119_glottolog	61.64870303008035	73.30183110626646	42.96586811774562	dissimilar to both
0.8199797247239088	0.03445	0	GB120	1	glottolog	251	61	0.24302788844621515	GB120_glottolog	75.86972046071516	82.08720337953424	47.5495219473537	dissimilar to both
0.7662368598941808	0.025	4e-4	GB121	1	glottolog	250	31	0.124	GB121_glottolog	45.51080728054705	50.104322877217804	30.454023884008794	dissimilar to both
0.7729113026996668	0.0277	0	GB122	1	glottolog	172	84	0.4883720930232558	GB122_glottolog	67.4876026841713	74.23290835751698	44.52951160754684	dissimilar to both
			GB123	1	glottolog	121	25	0.2066115702479339	GB123_glottolog	34.32009950113379	35.44117932394029	23.756336159999623	
0.26721442869217543	0	0.1239	GB124	1	glottolog	165	68	0.4121212121212121	GB124_glottolog	48.99076368996568	69.18302551216354	41.62754050696602	similar to 0
0.6194528987512636	5e-4	0.00115	GB126	1	glottolog	197	66	0.3350253807106599	GB126_glottolog	65.18165025506575	77.24525171489083	45.544572823265355	dissimilar to both
0.6531464774177462	0.0277	0.02285	GB127	1	glottolog	164	18	0.10975609756097561	GB127_glottolog	26.24888023224361	29.846762952314677	19.473846185359097	dissimilar to both
1.1326538895823621	0.59845	0.09955	GB129	1	glottolog	238	3	0.012605042016806723	GB129_glottolog	5.99727366255144	5.864924243362452	4.8672194673798765	similar to both, above 1
-0.08733877888416702	0	0.66045	GB130a	1	glottolog	259	54	0.2084942084942085	GB130a_glottolog	41.815510493946164	76.49914828443025	44.60141920124918	similar to 0
-0.1035000070159935	0	0.6928	GB130b	1	glottolog	259	62	0.23938223938223938	GB130b_glottolog	44.825112549893255	83.75578477025749	48.476517010542835	similar to 0
-0.3291623808557199	0	0.91455	GB131	1	glottolog	262	57	0.21755725190839695	GB131_glottolog	35.36825486649254	79.72689892826732	46.35351678874535	similar to 0
-0.41031842503485677	0	0.97345	GB132	1	glottolog	261	83	0.31800766283524906	GB132_glottolog	39.00191263632954	99.14996630842809	56.501403682855106	similar to 0
-0.6864819673223906	0	0.98740000000000006	GB133	1	glottolog	263	37	0.14068441064638784	GB133_glottolog	19.15629175831323	58.29176470629652	35.0863740135527	similar to 0
1.255354938778938	0.8865	9.5e-4	GB134	1	glottolog	214	8	0.037383177570093455	GB134_glottolog	15.965209079833265	14.910466925365796	10.779972486875359	similar to 1
0.2323022005228492	3.5e-4	0.32485	GB135	1	glottolog	192	12	0.0625	GB135_glottolog	16.268179945054946	21.464018971954953	14.695940399320394	similar to 0
0.4207531616772588	0	0.02525	GB136	1	glottolog	231	58	0.2510822510822511	GB136_glottolog	58.628150720164605	76.93102121329582	45.333316604102365	dissimilar to both
-0.13005093807259538	0	0.7361	GB137	1	glottolog	254	74	0.29133858267716534	GB137_glottolog	47.808869003081966	92.27081984442407	52.925734288213654	similar to 0
0.4632653193781526	0	0.0056	GB138	1	glottolog	256	95	0.37109375	GB138_glottolog	79.77144876886709	103.90821689649628	58.93857174581413	dissimilar to both
0.5255223819266	0	0.0044	GB139	1	glottolog	232	63	0.27155172413793105	GB139_glottolog	65.09929278416348	81.12917072281259	47.344904978649836	dissimilar to both
0.7508837570932164	0.01415	1e-4	GB140	1	glottolog	180	90	0.5	GB140_glottolog	70.41567138280101	78.31607982590523	46.60233707304722	dissimilar to both
0.6988403832446447	0.0212	0.00285	GB146	1	glottolog	149	42	0.28187919463087246	GB146_glottolog	47.61543101031461	53.549747352274075	33.84485993777002	dissimilar to both
0.3160976085914814	0	0.0909	GB147	1	glottolog	204	52	0.2549019607843137	GB147_glottolog	50.07567844706734	69.01804496914994	41.32057416038409	similar to 0
0.5762392614810047	0.0048	0.02645	GB148	1	glottolog	187	24	0.12834224598930483	GB148_glottolog	32.6425413501108	38.5776446259974	24.571856131694595	dissimilar to both
			GB149	1	glottolog	223	0	0	GB149_glottolog				all same
0.9819390990058094	0.43375	2e-4	GB150	1	glottolog	169	24	0.14201183431952663	GB150_glottolog	37.57922809386835	37.81943481445847	24.519615460629982	similar to 1
0.3839137294496442	0.0013	0.18415	GB151	1	glottolog	219	14	0.0639269406392694	GB151_glottolog	19.996101341771276	24.95688142066227	16.904794698360405	similar to 0
0.9244993550295262	0.26005	5e-5	GB152	1	glottolog	212	33	0.15566037735849056	GB152_glottolog	49.42398519901788	50.89130781194419	31.456737239730693	similar to 1
-0.14305766933104483	0	0.74555	GB155	1	glottolog	246	66	0.2682926829268293	GB155_glottolog	44.292265083788074	85.18301458419334	49.40988554833648	similar to 0
0.7055093141468443	0.1985	0.2038	GB156	1	glottolog	216	4	0.018518518518518517	GB156_glottolog	7.2624054728993	7.722939271104874	6.159107814529663	similar to both, between 0 & 1
0.31727825160494166	0	0.14565	GB158	1	glottolog	243	28	0.11522633744855967	GB158_glottolog	34.04306216931217	45.96719890440513	28.501610964480545	similar to 0
0.48573288992368946	0	0.01145	GB159	1	glottolog	197	73	0.37055837563451777	GB159_glottolog	63.0008918609968	80.11119406486218	46.83995841977799	dissimilar to both
0.7211730631721909	0.008	1e-4	GB160	1	glottolog	182	80	0.43956043956043955	GB160_glottolog	68.7781115582445	77.53562087906889	46.127216008083906	dissimilar to both
1.01880863803067	0.48535	0.13905	GB165	1	glottolog	247	3	0.012145748987854251	GB165_glottolog	5.892592592592592	5.874203041331336	4.896484653042425	similar to both, above 1
1.0518788375990655	0.5426	0.07225	GB166	1	glottolog	247	4	0.016194331983805668	GB166_glottolog	7.844444444444445	7.763542265377424	6.204097551286953	similar to both, above 1
6.517052173125888	0.92005	0.07355	GB167	1	glottolog	185	1	0.005405405405405406	GB167_glottolog	2.376543209876543	1.9878523664405188	1.9173997349919027	singleton
0.40540949170273105	0.0319	0.31715	GB170	1	glottolog	243	5	0.0205761316872428	GB170_glottolog	8.303800532558702	9.612493089363044	7.4114950267601785	similar to 0
0.40780165661989937	0.03285	0.31565	GB171	1	glottolog	242	5	0.02066115702479339	GB171_glottolog	8.32037037037037	9.610827801165476	7.431731143397843	similar to 0
0.2583100363718561	0	0.24815	GB172	1	glottolog	251	19	0.07569721115537849	GB172_glottolog	24.491518030706484	33.215159970172905	21.453315577951717	similar to 0
0.6299979920160936	0.01045	0.0221	GB177	1	glottolog	213	20	0.09389671361502347	GB177_glottolog	29.41745642701525	33.950276846762975	21.699477332332002	dissimilar to both
0.4258472378252504	0	0.0195	GB184	1	glottolog	229	63	0.27510917030567683	GB184_glottolog	61.42604011633702	80.87861018102066	46.99813211625949	dissimilar to both
0.47275820673915137	0	0.0072	GB185	1	glottolog	235	82	0.34893617021276596	GB185_glottolog	72.44325966597606	93.45780493946589	53.60029451048316	dissimilar to both
0.4905505980988287	0	0.0089	GB186	1	glottolog	232	67	0.28879310344827586	GB186_glottolog	65.83943450791566	83.74011024198008	48.60281168541607	dissimilar to both
1.066808440560973	0.64135	1e-4	GB187	1	glottolog	136	21	0.15441176470588236	GB187_glottolog	33.35421019162834	32.59039852630113	21.157536766414434	similar to 1
0.8690875856356867	0.273	0.0221	GB188	1	glottolog	136	10	0.07352941176470588	GB188_glottolog	16.88629684744268	17.573660630835697	12.3230983619269	similar to 1
-5.659623715564869	0.0464	0.9006	GB192	1	glottolog	246	1	0.0040650406504065045	GB192_glottolog	1.577777777777778	1.9932237505799284	1.9308409508083482	singleton
0.7216272075272077	0.00545	2e-4	GB193a	1	glottolog	252	46	0.18253968253968253	GB193a_glottolog	60.26468807381946	67.98980398120604	40.23883076732193	dissimilar to both
0.4977752665148266	0.00305	0.1063	GB193b	1	glottolog	252	14	0.05555555555555555	GB193b_glottolog	21.12346212995002	25.29473200974762	16.989147673326755	similar to 0
-0.9035326956046693	0.2158	0.6361	GB196	1	glottolog	255	1	0.00392156862745098	GB196_glottolog	1.8888888888888888	1.9919962956139874	1.937829951656157	singleton
-0.748358576402302	0.2176	0.6269	GB197	1	glottolog	255	1	0.00392156862745098	GB197_glottolog	1.8888888888888888	1.9927897930487553	1.9333621072397782	singleton
0.27888440719748636	0.00495	0.35275	GB198	1	glottolog	242	7	0.028925619834710745	GB198_glottolog	10.738168724279836	13.257694928470782	9.763766591130073	similar to 0
0.664293574222179	0.00175	7e-4	GB203a	1	glottolog	199	64	0.32160804020100503	GB203a_glottolog	65.68820932539683	76.16931661363998	44.948266066398396	dissimilar to both
0.7015014924039595	0.0065	3.5e-4	GB203b	1	glottolog	199	52	0.2613065326633166	GB203b_glottolog	59.907649176954735	68.08454072102393	40.691132258375866	dissimilar to both
0.689405992584078	0.01295	0.0017	GB204	1	glottolog	138	60	0.43478260869565216	GB204_glottolog	51.86612410957649	59.00805423472394	36.01363079247263	dissimilar to both
0.5285876382458402	0.0017	0.0273	GB250	1	glottolog	137	40	0.291970802919708	GB250_glottolog	41.74054680952174	50.485675950533114	31.93476415757522	dissimilar to both
			GB252	1	glottolog	113	15	0.13274336283185842	GB252_glottolog	22.600348608980465	24.04800218332293	16.711881323924704	
			GB253	1	glottolog	115	13	0.11304347826086956	GB253_glottolog	22.643238199777716	21.457086484872736	14.986860525203362	
0.649644659286185	0.005	0.0038	GB254	1	glottolog	144	50	0.3472222222222222	GB254_glottolog	49.79605067961123	57.578914517185076	35.364713866733965	dissimilar to both
			GB256	1	glottolog	114	18	0.15789473684210525	GB256_glottolog	26.241549253637718	27.826647903069166	18.89400870149948	
0.5787096572942604	0.0073	0.0428	GB257	1	glottolog	194	19	0.0979381443298969	GB257_glottolog	27.301956745324393	32.03028548207544	20.806841084125725	dissimilar to both
3.953954914880204	0.8004	0.1192	GB260	1	glottolog	197	1	0.005076142131979695	GB260_glottolog	2.153669467787115	1.994085101873	1.9400611338326526	singleton
0.7064976951719151	0.0626	0.04225	GB262	1	glottolog	203	12	0.059113300492610835	GB262_glottolog	19.545932418421913	21.541870702045877	14.741452951346922	similar to 1
0.759321489063306	0.01555	5e-5	GB263	1	glottolog	202	60	0.297029702970297	GB263_glottolog	66.950180295567293	74.21093199736902	44.043088289413184	dissimilar to both
0.6225304081415883	0.04155	0.0921	GB264	1	glottolog	204	10	0.049019607843137254	GB264_glottolog	16.231599525775223	18.276743866552525	12.858706533509729	similar to 0
0.4600704781994199	1e-4	0.0298	GB265	1	glottolog	136	62	0.45588235294117646	GB265_glottolog	46.5825217969419	58.92971574905058	36.06155712173061	dissimilar to both
0.25773339124143796	0	0.1521	GB266	1	glottolog	137	62	0.45255474452554745	GB266_glottolog	42.27292087920206	59.42001671199548	36.31902357763926	similar to 0
			GB270	1	glottolog	119	45	0.37815126050420167	GB270_glottolog	47.51608266044436	49.32090555329029	31.084258338777353	
			GB273	1	glottolog	120	33	0.275	GB273_glottolog	42.33612891897035	42.87450012271471	27.366504122835657	
0.8779573810543484	0.2252	0.00195	GB275	1	glottolog	154	20	0.12987012987012986	GB275_glottolog	30.83551252808816	32.21354198265426	20.922163065427227	similar to 1
0.6104600997134919	0.00255	0.00445	GB276	1	glottolog	146	57	0.3904109589041096	GB276_glottolog	51.64041881291658	60.87446215491401	37.16946214026658	dissimilar to both
1.6483575681183413	0.8091	0.0776	GB285	1	glottolog	203	2	0.009852216748768473	GB285_glottolog	4.215463172448467	3.933033866973643	3.497426542616363	similar to both, above 1
0.6480497556725913	0.0941	0.16195	GB286	1	glottolog	202	6	0.0297029702970297	GB286_glottolog	10.390613652868554	11.35418891599913	8.616372197127383	similar to both, between 0 & 1
0.9907875718389785	0.4511	0.00345	GB291	1	glottolog	209	12	0.05741626794258373	GB291_glottolog	21.572523236567353	21.635005953581036	14.852568585108259	similar to 1
			GB296	1	glottolog	78	5	0.0641025641025641	GB296_glottolog	5.458388447971782	8.957789034346641	6.9441745106124	
1.1597250238720416	0.54885	0.2	GB297	1	glottolog	191	2	0.010471204188481676	GB297_glottolog	4.005505279034691	3.9337913961842546	3.4848080051541337	similar to both, above 1
0.9043826683885406	0.20155	0	GB298	1	glottolog	243	30	0.12345679012345678	GB298_glottolog	46.82210844386774	48.621656425901705	29.80134475535207	similar to 1
0.5655520840054349	5e-5	0.00355	GB299	1	glottolog	246	56	0.22764227642276422	GB299_glottolog	63.26898463975417	77.24928253765152	45.06982584514378	dissimilar to both
0.9533963222744648	0.4157	0.05175	GB300	1	glottolog	159	6	0.03773584905660377	GB300_glottolog	11.07109770403888	11.196975263496643	8.49595324975991	similar to both, between 0 & 1
0.6563724013036296	0.0073	0.00425	GB301	1	glottolog	138	51	0.3695652173913043	GB301_glottolog	49.25776424832732	56.6606021852464	35.117402613956344	dissimilar to both
0.46327002664346234	0.058	0.28385	GB302	1	glottolog	192	5	0.026041666666666668	GB302_glottolog	8.403562675070027	9.532654980755737	7.429004426968462	similar to both, between 0 & 1
-3.1823585772751675	0.1966	0.71785	GB303	1	glottolog	158	1	0.006329113924050633	GB303_glottolog	1.679920116194626	1.9872769061330247	1.9137880399204477	singleton
-0.14759811247212715	0	0.69855	GB304	1	glottolog	165	29	0.17575757575757575	GB304_glottolog	24.921005854096023	43.47900267464435	27.307839077510895	similar to 0
0.7629845961628843	0.0139	5e-5	GB305	1	glottolog	198	77	0.3888888888888889	GB305_glottolog	73.73624892605751	81.7228951043736	48.02615620463204	dissimilar to both
0.6259622524842529	0.00185	0.0037	GB306	1	glottolog	193	41	0.21243523316062177	GB306_glottolog	49.513127961044944	58.02593687500092	35.26671278466339	dissimilar to both
0.8012657861896773	0.03895	5e-5	GB309	1	glottolog	243	40	0.1646090534979424	GB309_glottolog	55.91125468474427	60.77561873241281	36.29888694876927	dissimilar to both
0.3272066888279895	0	0.04555	GB312	1	glottolog	233	91	0.3905579399141631	GB312_glottolog	68.48290956300215	96.15652981124917	55.02410505506457	dissimilar to both
0.6782806701611689	6.5e-4	0	GB313	1	glottolog	241	100	0.4149377593360996	GB313_glottolog	87.56241608781559	101.63313990376827	57.897117504984955	dissimilar to both
1.047487804711692	0.3922	0.50495	GB314	1	glottolog	227	1	0.004405286343612335	GB314_glottolog	1.9944444444444445	1.9918537945294186	1.9372997899643678	singleton
			GB315	1	glottolog	225	0	0	GB315_glottolog				all same
0.33338506160974196	0	0.09235	GB316	1	glottolog	243	40	0.1646090534979424	GB316_glottolog	44.58880259395425	60.901068966417434	36.430770698193726	similar to 0
0.5536482209650032	5e-5	0.00725	GB317	1	glottolog	239	41	0.17154811715481172	GB317_glottolog	50.461918582317885	61.56554446831171	36.68914337050578	dissimilar to both
0.38325704588150245	0	0.02005	GB318	1	glottolog	242	116	0.4793388429752066	GB318_glottolog	76.40122222789579	104.53400729034351	58.918917771149026	dissimilar to both
0.7804449473976554	0.1334	0.0559	GB319	1	glottolog	245	8	0.0326530612244898	GB319_glottolog	14.120884773662551	15.05111007212621	10.81424424991955	similar to both, between 0 & 1
0.35036367292668796	3e-4	0.1947	GB320	1	glottolog	241	15	0.06224066390041494	GB320_glottolog	20.909509602194788	26.791743423684476	17.737086877629174	similar to 0
0.8301446269503939	0.2508	0.10955	GB321	1	glottolog	235	5	0.02127659574468085	GB321_glottolog	9.225054247783486	9.595932763589044	7.412436833217487	similar to both, between 0 & 1
			GB322	1	glottolog	118	7	0.059322033898305086	GB322_glottolog	12.595521097959042	12.605707225990194	9.545500041510989	
			GB323	1	glottolog	117	4	0.03418803418803419	GB323_glottolog	7.3006649831649835	7.526869671364861	6.157704783577545	
0.6716824192156713	8.5e-4	4e-4	GB324	1	glottolog	220	68	0.3090909090909091	GB324_glottolog	71.22617434345676	82.50099180644789	48.159798635931885	dissimilar to both
0.9442507587852769	0.3758	0.016	GB325	1	glottolog	172	9	0.05232558139534884	GB325_glottolog	16.121754850088184	16.38500154808396	11.6630234142138	similar to 1
0.5760099944576128	7.5e-4	0.00685	GB326	1	glottolog	216	39	0.18055555555555555	GB326_glottolog	48.30988719281203	57.925287486464356	35.24692203454321	dissimilar to both
0.38745600905999034	0.0516	0.372	GB327	1	glottolog	218	4	0.01834862385321101	GB327_glottolog	6.801564666270549	7.732778129175026	6.212538804852478	similar to both, between 0 & 1
-0.4366181838696578	0	0.78345	GB328	1	glottolog	208	7	0.03365384615384615	GB328_glottolog	8.128718932748539	13.152085614175498	9.655424679607568	similar to 0
0.8945997509890071	0.2772	0.01705	GB329	1	glottolog	192	10	0.052083333333333336	GB329_glottolog	17.626519059773752	18.19387946822901	12.810966109114608	similar to 1
0.7724422793804704	0.11155	0.02075	GB330	1	glottolog	188	13	0.06914893617021277	GB330_glottolog	21.320220606559012	22.995034744785563	15.6350817022483	similar to 1
0.9549351171155067	0.3676	0.00125	GB331	1	glottolog	192	16	0.08333333333333333	GB331_glottolog	27.208103281517285	27.626809219015364	18.33562924255183	similar to 1
-0.2658087261468872	0	0.87635	GB333	1	glottolog	232	59	0.2543103448275862	GB333_glottolog	36.62284722222223	78.07128653399708	45.32665580456325	similar to 0
0.07938910075326518	0	0.3539	GB334	1	glottolog	232	103	0.44396551724137934	GB334_glottolog	59.94821590476819	99.51469193682503	56.53619139503148	similar to 0
0.5031581424631407	1e-4	0.02715	GB335	1	glottolog	228	33	0.14473684210526316	GB335_glottolog	41.744115776501395	51.70391641240377	31.657697510318844	dissimilar to both
2.7707756124854024	0.7225	0.2428	GB336	1	glottolog	224	1	0.004464285714285714	GB336_glottolog	2.0942515432098765	1.9898007518474259	1.9308148528854185	singleton
1.0755068132483943	0.66405	3e-4	GB400	1	glottolog	206	15	0.07281553398058252	GB400_glottolog	27.02690506470176	26.360028474006874	17.52802296344363	similar to 1
			GB401	1	glottolog	121	46	0.38016528925619836	GB401_glottolog	49.444396884076895	49.95126423791043	31.285433141437206	
1.193787225206827	0.57205	0.2051	GB402	1	glottolog	156	2	0.01282051282051282	GB402_glottolog	4.0027247546692	3.9156379154477294	3.466243797086607	similar to both, above 1
0.4696796545004167	0.0015	0.0632	GB403	1	glottolog	165	24	0.14545454545454545	GB403_glottolog	30.54123719919851	37.69210477359443	24.208051908039153	similar to 0
0.4706799131209097	0	0.0072	GB408	1	glottolog	241	89	0.36929460580912865	GB408_glottolog	75.71008887260264	97.76683111416554	56.09687981567797	dissimilar to both
0.011044852453257283	0	0.50415	GB409	1	glottolog	239	41	0.17154811715481172	GB409_glottolog	37.4505018102012	61.6165742767975	37.18061019233522	similar to 0
0.537937096468801	0	0.00515	GB410	1	glottolog	237	56	0.23628691983122363	GB410_glottolog	61.55092601718328	76.01618321738086	44.71036513579391	dissimilar to both
1.122082001336277	0.79555	0	GB415	1	glottolog	194	23	0.11855670103092783	GB415_glottolog	39.21342660110078	37.58105720847558	24.209967492074128	similar to 1
0.6909008410368337	0.00505	6.5e-4	GB421	1	glottolog	179	65	0.36312849162011174	GB421_glottolog	63.50958679208961	72.43248116643505	43.56506397812513	dissimilar to both
0.49900136307189397	0.0154	0.158	GB422	1	glottolog	187	10	0.053475935828877004	GB422_glottolog	15.472883772001419	18.160208737918918	12.796272056583927	similar to 0
0.1802454819141032	0	0.32475	GB430	1	glottolog	250	20	0.08	GB430_glottolog	24.524321654904444	34.68770036537995	22.289624494805057	similar to 0
0.32516710724043113	0	0.1508	GB431	1	glottolog	252	25	0.0992063492063492	GB431_glottolog	31.460065359477124	42.03246208870533	26.365773575650046	similar to 0
0.8181094577881362	0.0783	7.5e-4	GB432	1	glottolog	249	25	0.10040160642570281	GB432_glottolog	39.13684473673399	41.97975250388625	26.349980155190533	similar to 1
-0.1934689170295297	0	0.79905	GB433	1	glottolog	253	51	0.2015810276679842	GB433_glottolog	37.15750767522373	73.11286695614709	42.98610054616464	similar to 0
0.4443174851250092	0	0.01095	GB519	1	glottolog	223	88	0.39461883408071746	GB519_glottolog	70.807156649721	92.7002666411058	53.30167229031902	dissimilar to both
0.3838416331026275	0	0.0307	GB520	1	glottolog	244	68	0.2786885245901639	GB520_glottolog	63.99844032537569	86.44734257235325	50.01368614078092	dissimilar to both
0.52220017815658	0	0.00195	GB521	1	glottolog	240	100	0.4166666666666667	GB521_glottolog	80.1832562933768	101.10077278368989	57.32194421567092	dissimilar to both
0.6360743915305082	4.5e-4	8e-4	GB522	1	glottolog	217	60	0.2764976958525346	GB522_glottolog	65.19853986487973	76.81608553931673	44.89322711972051	dissimilar to both
0.4209096662098277	5e-5	0.0469	GB020	1	gray_mcct	129	51	0.3953488372093023	GB020_gray_mcct	41.91469977179785	54.9193330417011	32.46233020280489	dissimilar to both
0.38052940537632496	2.5e-4	0.08485	GB021	1	gray_mcct	116	42	0.3620689655172414	GB021_gray_mcct	36.659055335758545	48.10701061888573	29.62678672693206	similar to 0
-0.22867067944613956	0	0.80255	GB022	1	gray_mcct	130	49	0.3769230769230769	GB022_gray_mcct	27.284839297858642	54.510670099956634	32.35190025418245	similar to 0
0.6216377658812512	0.02505	0.02265	GB023	1	gray_mcct	129	25	0.1937984496124031	GB023_gray_mcct	32.050354071321394	37.33731882841364	23.36403005817941	dissimilar to both
-0.0402471731575408	0	0.5681	GB024a	1	gray_mcct	126	61	0.48412698412698413	GB024a_gray_mcct	32.336279677336044	55.58499264547542	33.235772606193024	similar to 0
-0.2735439258226361	0	0.8409	GB024b	1	gray_mcct	126	49	0.3888888888888889	GB024b_gray_mcct	26.108908480573984	53.13676146880828	31.914208842069584	similar to 0
0.45343188251505945	0.0012	0.0551	GB025a	1	gray_mcct	125	34	0.272	GB025a_gray_mcct	35.34839424596488	44.98115114766693	27.357077233462714	similar to 0
0.10215336441254758	2e-4	0.4163	GB025b	1	gray_mcct	125	19	0.152	GB025b_gray_mcct	20.677510654131826	30.258045054659082	19.587476139224204	similar to 0
			GB026	1	gray_mcct	116	0	0	GB026_gray_mcct				all same
0.4763755445310368	0.00245	0.05175	GB027	1	gray_mcct	102	34	0.3333333333333333	GB027_gray_mcct	32.43712071206558	40.34318027688866	25.244459271311605	similar to 0
-1.835865469505299	0.1076	0.74465	GB028	1	gray_mcct	132	2	0.015151515151515152	GB028_gray_mcct	2.832132958292887	3.9237799330119545	3.5388367872746853	similar to both, below 0
0.406650419405733	0.14235	0.31165	GB030	1	gray_mcct	131	6	0.04580152671755725	GB030_gray_mcct	9.695282870680325	11.210001924084501	8.657174547199672	similar to both, between 0 & 1
0.19743271156015021	0	0.24145	GB031	1	gray_mcct	130	42	0.3230769230769231	GB031_gray_mcct	34.56147245922784	51.04107801175276	30.507465702982444	similar to 0
0.29629514830624776	4e-4	0.1898	GB035	1	gray_mcct	112	30	0.26785714285714285	GB035_gray_mcct	29.916016026200086	40.34781527431492	25.523703684055935	similar to 0
0.6666656372818855	0.24655	0.16925	GB036	1	gray_mcct	111	8	0.07207207207207207	GB036_gray_mcct	13.216694157995375	14.424295383096027	10.801502895536428	similar to both, between 0 & 1
0.17855946139336448	0.0093	0.39365	GB037	1	gray_mcct	111	11	0.0990990990990991	GB037_gray_mcct	14.448716616393872	19.006390174554333	13.457998849856148	similar to 0
0.23253884933202043	0.12415	0.4153	GB038	1	gray_mcct	119	5	0.04201680672268908	GB038_gray_mcct	7.915254555078514	9.375740210856113	7.472730977741931	similar to both, between 0 & 1
0.9203358216026557	0.3895	0.01605	GB039	1	gray_mcct	119	13	0.1092436974789916	GB039_gray_mcct	21.436159546001477	21.981726307711366	15.133394062461274	similar to 1
1.7127992650540365	0.7027	0.1207	GB041	1	gray_mcct	96	3	0.03125	GB041_gray_mcct	6.3610814965944265	5.760450403019175	4.917813319871063	similar to both, above 1
4.122751430721524	0.99105	0.00575	GB042	1	gray_mcct	129	3	0.023255813953488372	GB042_gray_mcct	8.42121061170025	5.81134290932781	4.975583880704319	similar to 1
6.485445131204023	0.9718	0.01735	GB043	1	gray_mcct	128	2	0.015625	GB043_gray_mcct	5.987493070971055	3.912114005686054	3.5337711336592825	similar to 1
0.6596348898638449	0.08755	0.0524	GB044	1	gray_mcct	126	15	0.11904761904761904	GB044_gray_mcct	22.25005309819462	25.074715189914354	16.775797329062534	similar to both, between 0 & 1
1.1179309866652154	0.67245	9e-4	GB046	1	gray_mcct	66	21	0.3181818181818182	GB046_gray_mcct	26.72692182303227	25.777378702003958	17.725694001663978	similar to 1
0.5701780938322476	0.01485	0.03325	GB047	1	gray_mcct	104	30	0.28846153846153844	GB047_gray_mcct	32.72516786757833	38.73125944166576	24.75781721384372	dissimilar to both
0.5797283518637335	0.01615	0.0339	GB048	1	gray_mcct	95	32	0.3368421052631579	GB048_gray_mcct	32.51276222180063	38.29819982092096	24.532251951783483	dissimilar to both
0.697805372380161	0.03855	0.007	GB049	1	gray_mcct	102	41	0.4019607843137255	GB049_gray_mcct	38.65235209443762	43.55218187037593	27.338029373587325	dissimilar to both
1.2679365684448587	0.5735	0.2609	GB051	1	gray_mcct	124	2	0.016129032258064516	GB051_gray_mcct	4.044156544070533	3.9240851828624757	3.475951649224391	similar to both, above 1
-0.681822358849699	0.08105	0.6759	GB052	1	gray_mcct	123	3	0.024390243902439025	GB052_gray_mcct	4.331031345332953	5.797312232531539	4.925471708184208	similar to both, below 0
0.5162076789587019	0.09345	0.18615	GB053	1	gray_mcct	121	9	0.0743801652892562	GB053_gray_mcct	13.944230567655534	16.129197652613612	11.612864941389033	similar to both, between 0 & 1
-1.6648381841423099	0.00525	0.8986	GB054	1	gray_mcct	121	3	0.024793388429752067	GB054_gray_mcct	3.4220960509652922	5.8014883424819645	4.908603999381601	similar to 0
-0.22597287523259435	0	0.79125	GB057	1	gray_mcct	121	40	0.3305785123966942	GB057_gray_mcct	25.004338494617443	48.28271699655371	29.295038743460353	similar to 0
0.3309243955891779	5e-5	0.10285	GB058	1	gray_mcct	120	52	0.43333333333333335	GB058_gray_mcct	38.41156881234278	52.46589064818933	31.460309599957007	similar to 0
-0.08815814127144041	0.12715	0.543	GB059	1	gray_mcct	126	3	0.023809523809523808	GB059_gray_mcct	4.825720498419264	5.79458483830618	4.904213941705744	similar to both, below 0
0.38241871849153697	5e-5	0.0601	GB065a	1	gray_mcct	131	61	0.46564885496183206	GB065a_gray_mcct	42.99251166961843	57.67089164712368	33.90336433209105	similar to 0
0.52265888718528	0.00995	0.061	GB065b	1	gray_mcct	131	22	0.16793893129770993	GB065b_gray_mcct	28.103340099268696	34.049377581605	21.592798161335665	similar to 0
0.7715740741677926	0.1101	0.00515	GB068	1	gray_mcct	112	31	0.2767857142857143	GB068_gray_mcct	37.44430916817785	40.806621945116596	26.08713349524351	similar to 1
0.9038761393447273	0.26605	1e-4	GB069	1	gray_mcct	104	39	0.375	GB069_gray_mcct	42.01853234060676	43.62345498688908	26.927052706106537	similar to 1
1.7091262904530529	0.94015	0.0017	GB070	1	gray_mcct	124	7	0.056451612903225805	GB070_gray_mcct	15.172211761413646	12.845560387594919	9.564549085176198	similar to 1
0.8540300642618438	0.19685	0.0015	GB071	1	gray_mcct	124	29	0.23387096774193547	GB071_gray_mcct	38.35101817609355	40.56144885605054	25.41839444022818	similar to 1
0.4172281759561464	0.00815	0.14525	GB072	1	gray_mcct	122	19	0.1557377049180328	GB072_gray_mcct	24.01915214419673	30.10886094873934	19.659301527204303	similar to 0
0.7766521083385591	0.0887	0.00245	GB073	1	gray_mcct	120	33	0.275	GB073_gray_mcct	39.79617291270912	43.52755981161906	26.82094632557767	similar to 1
-1.4390075774323168	0	0.98385	GB074	1	gray_mcct	128	9	0.0703125	GB074_gray_mcct	4.95566897129413	16.176011175610686	11.575639160313852	similar to 0
-0.25433679555890737	0	0.73235	GB075	1	gray_mcct	122	15	0.12295081967213115	GB075_gray_mcct	14.876050788705854	24.98921875699206	16.92665692822901	similar to 0
0.9825370664678119	0.476	0.01625	GB079	1	gray_mcct	131	12	0.0916030534351145	GB079_gray_mcct	20.78474985344795	20.896893918603123	14.475059640389322	similar to 1
0.38011583373373353	0.00115	0.12115	GB080	1	gray_mcct	130	26	0.2	GB080_gray_mcct	29.530770759482973	38.44454244411281	24.064804793577313	similar to 0
-0.3361508352411741	2e-4	0.7403	GB081	1	gray_mcct	122	10	0.08196721311475409	GB081_gray_mcct	10.833070439227352	17.699723412990746	12.560593314311454	similar to 0
-0.08451883224631383	0.0012	0.58345	GB082	1	gray_mcct	129	10	0.07751937984496124	GB082_gray_mcct	12.25772188390488	17.795431020545312	12.68928719714076	similar to 0
0.628395831248525	0.0563	0.04435	GB083	1	gray_mcct	128	18	0.140625	GB083_gray_mcct	25.366255932910892	29.16610488446741	18.940576564041553	similar to 1
0.250910335833674	4e-4	0.25195	GB084	1	gray_mcct	128	21	0.1640625	GB084_gray_mcct	23.880687429289054	32.71750746780141	20.92076208305899	similar to 0
0.6275640918891688	0.01115	0.0073	GB086	1	gray_mcct	121	40	0.3305785123966942	GB086_gray_mcct	41.27875269293798	48.26911925397864	29.499805101379703	dissimilar to both
0.8443950849118098	0.28495	0.0217	GB089	1	gray_mcct	129	13	0.10077519379844961	GB089_gray_mcct	21.19158290434192	22.301033788622092	15.171111937172974	similar to 1
0.06483492842213001	0	0.4196	GB090	1	gray_mcct	129	51	0.3953488372093023	GB090_gray_mcct	33.94164956395469	54.8102248801916	32.49483270988083	similar to 0
0.327324066479376	0.02275	0.278	GB091	1	gray_mcct	126	10	0.07936507936507936	GB091_gray_mcct	14.172920148130643	17.66835230768934	12.47204308154467	similar to 0
0.11524260124008058	0	0.34545	GB092	1	gray_mcct	125	46	0.368	GB092_gray_mcct	33.3057554333709	52.05265849836144	30.86390880125091	similar to 0
0.055028759261574044	0	0.4287	GB093	1	gray_mcct	128	52	0.40625	GB093_gray_mcct	33.51038043159644	54.78730547856737	32.27135564887248	similar to 0
-1.1926011047985865	0.13705	0.6968	GB094	1	gray_mcct	128	2	0.015625	GB094_gray_mcct	3.026446559063892	3.910753760538907	3.5074395418514874	similar to both, below 0
0.75028356744132	0.3477	0.1848	GB095	1	gray_mcct	115	6	0.05217391304347826	GB095_gray_mcct	10.536033008829017	11.136502431554756	8.731897269719294	similar to both, between 0 & 1
0.849842987628244	0.2806	0.01595	GB096	1	gray_mcct	116	15	0.12931034482758622	GB096_gray_mcct	23.453628672345058	24.64327657098589	16.720583652086283	similar to 1
0.6462066139054523	0.05405	0.03585	GB098	1	gray_mcct	116	22	0.1896551724137931	GB098_gray_mcct	29.20363647738914	33.237735624610536	21.83532024383424	similar to 1
-0.9772459395832748	0.25485	0.6211	GB099	1	gray_mcct	102	2	0.0196078431372549	GB099_gray_mcct	3.285414269559688	3.8980867477235446	3.5882252045039977	similar to both, below 0
0.6433235201883116	0.1007	0.0794	GB103	1	gray_mcct	106	14	0.1320754716981132	GB103_gray_mcct	20.494598487530723	23.023166680643005	15.933918198524784	similar to both, between 0 & 1
0.13040071109491763	0.00115	0.4123	GB104	1	gray_mcct	105	13	0.12380952380952381	GB104_gray_mcct	15.657462958791056	21.59023585275262	14.767814342459582	similar to 0
0.7135560044825342	0.0467	0.0063	GB105	1	gray_mcct	98	48	0.4897959183673469	GB105_gray_mcct	39.10433434981615	43.768964875786324	27.484348689144177	dissimilar to both
0.37436515945441345	3e-4	0.11625	GB107	1	gray_mcct	131	31	0.2366412213740458	GB107_gray_mcct	32.918781461110946	43.299780269929364	26.707036170566802	similar to 0
0.27284398235319973	0	0.1627	GB108	1	gray_mcct	122	43	0.3524590163934426	GB108_gray_mcct	35.66003507338353	49.958754718034854	30.294859628609075	similar to 0
0.4549078968483573	0.0541	0.20465	GB109	1	gray_mcct	99	11	0.1111111111111111	GB109_gray_mcct	15.669204998558282	18.563363200788615	13.25387846326126	similar to both, between 0 & 1
			GB110	1	gray_mcct	100	0	0	GB110_gray_mcct				all same
0.4884804873097949	0.05555	0.1715	GB111	1	gray_mcct	119	11	0.09243697478991597	GB111_gray_mcct	16.255548068486885	19.178170245791865	13.464561859800485	similar to both, between 0 & 1
0.6455718202599329	0.04485	0.03	GB113	1	gray_mcct	123	22	0.17886178861788618	GB113_gray_mcct	29.39518806623444	33.605493254793224	21.726344165557244	dissimilar to both
0.7060381529813664	0.13845	0.0424	GB114	1	gray_mcct	106	15	0.14150943396226415	GB114_gray_mcct	21.978479228417573	24.301740807740547	16.39846491365587	similar to 1
0.4345499811493504	8.5e-4	0.0665	GB115	1	gray_mcct	112	41	0.36607142857142855	GB115_gray_mcct	36.6006765229086	46.55328605028347	28.952067205857862	similar to 0
1770.15276017698	0.99125	0.0205	GB116	1	gray_mcct	106	1	0.009433962264150943	GB116_gray_mcct	3.658382809808414	1.9719993568088277	1.9710461415235456	singleton
0.7070751400238291	0.07545	0.01355	GB117	1	gray_mcct	113	22	0.19469026548672566	GB117_gray_mcct	29.52574377673084	33.022596356304014	21.084884480781955	similar to 1
0.3260049784964172	0.00215	0.2097	GB118	1	gray_mcct	107	23	0.21495327102803738	GB118_gray_mcct	25.926275779875972	33.35472655245111	22.333204826662442	similar to 0
0.9566759819293763	0.39555	6.5e-4	GB119	1	gray_mcct	119	26	0.2184873949579832	GB119_gray_mcct	36.869985377424634	37.46786109189575	23.667762645428905	similar to 1
0.8090166813951695	0.14885	0.00235	GB120	1	gray_mcct	120	27	0.225	GB120_gray_mcct	35.70936293594158	38.466014592484314	24.032022782725214	similar to 1
0.8015872235257727	0.2046	0.0171	GB121	1	gray_mcct	121	16	0.1322314049586777	GB121_gray_mcct	24.532933122586726	26.314706045707393	17.334574046233516	similar to 1
0.8085526272175424	0.15265	0.00355	GB122	1	gray_mcct	84	36	0.42857142857142855	GB122_gray_mcct	34.133089487480646	36.59071345931696	23.75364008443748	similar to 1
			GB123	1	gray_mcct	54	9	0.16666666666666666	GB123_gray_mcct	12.928431948158881	14.138185109490564	10.85844290770044	
-0.025683483872755434	0	0.54485	GB124	1	gray_mcct	83	41	0.4939759036144578	GB124_gray_mcct	23.930447555678334	36.63453970835573	24.24856259901442	similar to 0
0.8143188508805579	0.13815	0.00105	GB126	1	gray_mcct	104	35	0.33653846153846156	GB126_gray_mcct	38.93381107183556	41.85364640064137	26.12865039187807	similar to 1
-0.6571881708910007	0.00615	0.77575	GB127	1	gray_mcct	82	5	0.06097560975609756	GB127_gray_mcct	5.979485788467831	9.166512588459343	7.243359348548162	similar to 0
1.4310949552260435	0.64385	0.14925	GB129	1	gray_mcct	119	3	0.025210084033613446	GB129_gray_mcct	6.18276201145547	5.8043786767311705	4.926652481754254	similar to both, above 1
-0.04540275840782788	0	0.58245	GB130a	1	gray_mcct	126	32	0.25396825396825395	GB130a_gray_mcct	25.46414966836779	43.122128877656266	26.23105118796088	similar to 0
0.09406963969736055	0	0.3822	GB130b	1	gray_mcct	126	38	0.30158730158730157	GB130b_gray_mcct	30.264578476459285	47.45016601452008	28.48006821106453	similar to 0
-0.21343814435874794	0	0.7742	GB131	1	gray_mcct	128	34	0.265625	GB131_gray_mcct	23.72838202398703	45.22593492785658	27.50970192182221	similar to 0
-0.1680314892582194	0	0.7373	GB132	1	gray_mcct	127	43	0.33858267716535434	GB132_gray_mcct	26.949883449780998	51.00634261044435	30.41061434292918	similar to 0
-0.7798006691695457	0	0.9425	GB133	1	gray_mcct	130	13	0.1	GB133_gray_mcct	9.551432790593044	22.308140248743324	15.140648023840097	similar to 0
3.174128729234979	0.9259	0.0305	GB134	1	gray_mcct	109	3	0.027522935779816515	GB134_gray_mcct	7.537870171052553	5.782699873745304	4.975401633440623	similar to 1
-0.48113528101307135	0.04455	0.67385	GB135	1	gray_mcct	96	4	0.041666666666666664	GB135_gray_mcct	5.500446396077236	7.542747670331572	6.16387208723329	similar to 0
0.45932986232539375	0.0016	0.0584	GB136	1	gray_mcct	117	34	0.2905982905982906	GB136_gray_mcct	34.48956363804604	43.45857911505396	26.869877701687248	similar to 0
0.3615545322550738	6e-4	0.13265	GB137	1	gray_mcct	126	26	0.20634920634920634	GB137_gray_mcct	28.74591351938059	37.791606019299415	23.623297280466314	similar to 0
0.7595359322957874	0.0483	8e-4	GB138	1	gray_mcct	127	47	0.3700787401574803	GB138_gray_mcct	47.55296284393653	52.705558709005615	31.277842234512896	dissimilar to both
0.5980596981342245	0.02195	0.03325	GB139	1	gray_mcct	113	26	0.23008849557522124	GB139_gray_mcct	31.509102576376808	36.780573016399366	23.66551484593772	dissimilar to both
0.8021840048325147	0.13965	0.00225	GB140	1	gray_mcct	86	41	0.47674418604651164	GB140_gray_mcct	35.59245646106112	38.32459433682658	24.513082919601516	similar to 1
0.42848373153439423	0.014	0.13445	GB146	1	gray_mcct	69	20	0.2898550724637681	GB146_gray_mcct	20.957306236100194	25.822743457817406	17.309534840362247	similar to 0
0.4523604297971907	0.0013	0.0714	GB147	1	gray_mcct	110	34	0.3090909090909091	GB147_gray_mcct	34.06548608018811	42.698503969933846	26.934453379965262	similar to 0
0.5327060701859608	0.05595	0.1278	GB148	1	gray_mcct	94	15	0.1595744680851064	GB148_gray_mcct	20.36262933183373	23.71478120638174	16.54124082702777	similar to both, between 0 & 1
			GB149	1	gray_mcct	114	0	0	GB149_gray_mcct				all same
0.4178446349482763	0.0412	0.2135	GB150	1	gray_mcct	89	12	0.1348314606741573	GB150_gray_mcct	16.39359489929596	19.69241162546105	14.025854338177446	similar to 0
-0.0592364249374341	0.01825	0.5539	GB151	1	gray_mcct	113	7	0.061946902654867256	GB151_gray_mcct	9.633204120072916	12.822317134711044	9.811551134262656	similar to 0
0.7728106733773612	0.16885	0.01775	GB152	1	gray_mcct	103	17	0.1650485436893204	GB152_gray_mcct	24.54092546010443	26.49378592471032	17.898045562974094	similar to 1
-0.3625057656166928	0	0.86315	GB155	1	gray_mcct	125	26	0.208	GB155_gray_mcct	18.81388719559613	37.67221967667918	23.831300278773032	similar to 0
0.36077870043218596	0.2946	0.4131	GB156	1	gray_mcct	106	3	0.02830188679245283	GB156_gray_mcct	5.235004741681062	5.7627943211784665	4.9371184873878065	similar to both, between 0 & 1
0.06437757830827978	0.0012	0.47545	GB158	1	gray_mcct	126	12	0.09523809523809523	GB158_gray_mcct	14.744840520460519	20.6496138984511	14.338549476422793	similar to 0
0.5692990766337482	0.01185	0.03255	GB159	1	gray_mcct	100	36	0.36	GB159_gray_mcct	34.79539306409162	41.10700115901367	26.452730056941068	dissimilar to both
0.7385043190317164	0.08345	0.0078	GB160	1	gray_mcct	86	40	0.46511627906976744	GB160_gray_mcct	34.76706710241178	38.33085364664359	24.702381730642585	similar to 1
-0.6927707739812127	0.19155	0.6274	GB165	1	gray_mcct	121	2	0.01652892561983471	GB165_gray_mcct	3.2671029572484813	3.913088329414881	3.531474125001892	similar to both, below 0
0.18709822150231398	0.2298	0.4492	GB166	1	gray_mcct	122	3	0.02459016393442623	GB166_gray_mcct	5.108671528132324	5.79379958944523	4.950981822975235	similar to both, between 0 & 1
			GB167	1	gray_mcct	95	0	0	GB167_gray_mcct				all same
-2.7155907124252727	0.02865	0.8538	GB170	1	gray_mcct	120	2	0.016666666666666666	GB170_gray_mcct	2.4139684682831257	3.911071718963855	3.508147025004889	similar to 0
0.018783266850679103	0.21755	0.4972	GB171	1	gray_mcct	119	3	0.025210084033613446	GB171_gray_mcct	4.9585904333931685	5.808888382799682	4.9423133227949565	similar to both, between 0 & 1
0.5368247529412681	0.075	0.1508	GB172	1	gray_mcct	124	10	0.08064516129032258	GB172_gray_mcct	15.210578043204992	17.64584925528469	12.388074303915365	similar to both, between 0 & 1
1.0126635618345419	0.50855	0.02375	GB177	1	gray_mcct	104	10	0.09615384615384616	GB177_gray_mcct	17.445627312290103	17.382416248353945	12.390845570052347	similar to 1
0.963182360174794	0.4036	1e-4	GB184	1	gray_mcct	111	30	0.2702702702702703	GB184_gray_mcct	39.354143812689394	39.90723762482293	24.884715411031248	similar to 1
0.3149424534616622	0	0.1266	GB185	1	gray_mcct	114	45	0.39473684210526316	GB185_gray_mcct	35.58151110701263	48.8282975786649	29.49154763905827	similar to 0
0.604891573058469	0.00565	0.0076	GB186	1	gray_mcct	118	44	0.3728813559322034	GB186_gray_mcct	41.60407056674204	49.49047062808764	29.530379869221978	dissimilar to both
0.5871873768716037	0.1586	0.15855	GB187	1	gray_mcct	70	9	0.12857142857142856	GB187_gray_mcct	13.23907252079772	14.834957615488179	10.969075117524705	similar to both, between 0 & 1
1.1850690132102253	0.58205	0.1305	GB188	1	gray_mcct	72	4	0.05555555555555555	GB188_gray_mcct	7.627752880250884	7.386119673016908	6.08048128956966	similar to both, above 1
179.5182406830882	0.9446	0.07125	GB192	1	gray_mcct	123	1	0.008130081300813009	GB192_gray_mcct	2.9920313226574917	1.9847061610376386	1.9790634594416259	singleton
0.8746620800704937	0.2307	0.0014	GB193a	1	gray_mcct	126	26	0.20634920634920634	GB193a_gray_mcct	35.88482714577998	37.68275465830311	23.338113279745535	similar to 1
0.24775367853615934	0.0398	0.37305	GB193b	1	gray_mcct	126	7	0.05555555555555555	GB193b_gray_mcct	10.325283454218722	12.817467537595578	9.504478145334852	similar to 0
			GB196	1	gray_mcct	127	0	0	GB196_gray_mcct				all same
			GB197	1	gray_mcct	127	0	0	GB197_gray_mcct				all same
0.9685067314179673	0.47995	0.11745	GB198	1	gray_mcct	120	5	0.041666666666666664	GB198_gray_mcct	9.337158754967184	9.40224442652178	7.335590995962112	similar to both, between 0 & 1
0.4768382732497621	0.002	0.05455	GB203a	1	gray_mcct	99	36	0.36363636363636365	GB203a_gray_mcct	33.011877000695584	41.103788629270404	25.6364652093407	similar to 0
0.37909513533254013	0.002	0.127	GB203b	1	gray_mcct	99	25	0.25252525252525254	GB203b_gray_mcct	26.53961547520927	34.17520897650434	21.87768332354543	similar to 0
0.7508404874341058	0.117	0.0121	GB204	1	gray_mcct	75	35	0.4666666666666667	GB204_gray_mcct	30.490386593955378	33.286120969466985	22.06546016980263	similar to 1
0.2650825296300212	9e-4	0.2482	GB250	1	gray_mcct	74	27	0.36486486486486486	GB250_gray_mcct	23.041178500016578	30.6073594323751	20.312079707225163	similar to 0
			GB252	1	gray_mcct	56	9	0.16071428571428573	GB252_gray_mcct	12.702473389288206	14.035902224759802	10.353329746895493	
			GB253	1	gray_mcct	59	12	0.2033898305084746	GB253_gray_mcct	19.62543172745752	17.59656545510781	12.444315462915835	
0.4693162133803372	0.0192	0.1274	GB254	1	gray_mcct	71	21	0.29577464788732394	GB254_gray_mcct	22.342491202389713	26.924857664723874	18.290023554711183	similar to 0
			GB256	1	gray_mcct	58	9	0.15517241379310345	GB256_gray_mcct	13.652483069275254	14.205007967570447	10.565213186830247	
0.5237420506243471	0.1602	0.24365	GB257	1	gray_mcct	97	8	0.08247422680412371	GB257_gray_mcct	12.552769429944709	14.213224403094321	10.72676296906183	similar to both, between 0 & 1
			GB260	1	gray_mcct	98	0	0	GB260_gray_mcct				all same
0.27103439618107034	0.04055	0.35175	GB262	1	gray_mcct	98	9	0.09183673469387756	GB262_gray_mcct	12.72286774802352	15.775265860243417	11.587965257541601	similar to 0
0.5901039351404493	0.02255	0.03075	GB263	1	gray_mcct	100	30	0.3	GB263_gray_mcct	32.65640589326944	38.213077901904015	24.6567828188113	dissimilar to both
1.3201512568384284	0.72735	0.0299	GB264	1	gray_mcct	97	7	0.07216494845360824	GB264_gray_mcct	13.596007831084806	12.631874866011364	9.620382815052418	similar to 1
0.1468851817091063	3e-4	0.3563	GB265	1	gray_mcct	73	36	0.4931506849315068	GB265_gray_mcct	23.210027224018745	32.804446979221275	21.558106452135224	similar to 0
0.46567715531639053	0.01175	0.0907	GB266	1	gray_mcct	74	32	0.43243243243243246	GB266_gray_mcct	26.80455600338863	32.551398779091556	21.796023385951056	similar to 0
			GB270	1	gray_mcct	62	23	0.3709677419354839	GB270_gray_mcct	23.803441276562467	26.084033445035622	18.016936370416502	
			GB273	1	gray_mcct	61	17	0.2786885245901639	GB273_gray_mcct	22.509034300874283	22.499801424639088	15.642073848863118	
1.0012653625689554	0.493	0.02975	GB275	1	gray_mcct	84	11	0.13095238095238096	GB275_gray_mcct	18.18608827105621	18.179868219151523	13.264240036928054	similar to 1
0.5335087774094082	0.0199	0.0686	GB276	1	gray_mcct	79	38	0.4810126582278481	GB276_gray_mcct	29.76289086694794	34.94119578244431	23.840654840345984	similar to 0
45.5269358258783	0.0604	0.94855	GB285	1	gray_mcct	100	1	0.01	GB285_gray_mcct	1.007019999833586	1.9881930771605483	2.0102285722856523	singleton
1.879754857445707	0.83125	0.065	GB286	1	gray_mcct	99	4	0.04040404040404041	GB286_gray_mcct	8.731457446851435	7.567551754150602	6.244563102425356	similar to both, above 1
0.4574337888391811	0.14745	0.29245	GB291	1	gray_mcct	106	7	0.0660377358490566	GB291_gray_mcct	11.13931419118506	12.771224028354359	9.763462388207559	similar to both, between 0 & 1
			GB296	1	gray_mcct	34	1	0.029411764705882353	GB296_gray_mcct	2.3127240999290057	1.9441035024983642	1.857222573852911	singleton
0.5358465629518785	0.44245	0.4086	GB297	1	gray_mcct	90	2	0.022222222222222223	GB297_gray_mcct	3.727799834023249	3.8861664089234904	3.544971962734735	similar to both, between 0 & 1
0.9567094085046424	0.4172	0.00415	GB298	1	gray_mcct	123	16	0.13008130081300814	GB298_gray_mcct	25.919344607352485	26.304983731875705	17.396832764140047	similar to 1
0.4287405290227935	0.0015	0.0874	GB299	1	gray_mcct	124	27	0.21774193548387097	GB299_gray_mcct	30.360727384577157	38.59994003359331	24.177049792628004	similar to 0
0.7394873334633909	0.39015	0.29025	GB300	1	gray_mcct	84	4	0.047619047619047616	GB300_gray_mcct	7.156416804219326	7.4754050339519464	6.250941617361053	similar to both, between 0 & 1
0.9290127386616189	0.35025	0.0014	GB301	1	gray_mcct	70	26	0.37142857142857144	GB301_gray_mcct	28.561952494584613	29.283704235672158	19.116362553801828	similar to 1
-0.5333746378179585	0.06315	0.6695	GB302	1	gray_mcct	106	4	0.03773584905660377	GB302_gray_mcct	5.669634431568378	7.595320430928075	6.3394720871078	similar to both, below 0
48.55647501284497	0.1308	0.8742	GB303	1	gray_mcct	80	1	0.0125	GB303_gray_mcct	1.2218297033525962	1.9710402297857432	1.9867943521472258	singleton
-0.8547710607524988	0	0.9757	GB304	1	gray_mcct	90	20	0.2222222222222222	GB304_gray_mcct	11.472622753220826	28.803683744682864	19.459640504957818	similar to 0
0.5289938483745906	0.007	0.04195	GB305	1	gray_mcct	97	38	0.3917525773195876	GB305_gray_mcct	34.223606707800016	41.09691419868931	26.50409525742922	dissimilar to both
0.5327694289980264	0.03445	0.09005	GB306	1	gray_mcct	95	18	0.18947368421052632	GB306_gray_mcct	23.12025738058183	27.28959188848181	18.366086521615806	similar to 0
0.7001271357852114	0.065	0.01395	GB309	1	gray_mcct	122	23	0.1885245901639344	GB309_gray_mcct	30.796933471333226	34.547894080782996	22.039391121465258	similar to 1
-0.1692963487082262	0	0.72735	GB312	1	gray_mcct	117	35	0.29914529914529914	GB312_gray_mcct	24.18146458495396	44.38325463735239	27.106376902536706	similar to 0
0.6706937783369327	0.0155	0.0028	GB313	1	gray_mcct	117	51	0.4358974358974359	GB313_gray_mcct	44.05772068522621	50.67699148460523	30.5763363377019	dissimilar to both
-37.514804630865214	0.16465	0.83015	GB314	1	gray_mcct	113	1	0.008849557522123894	GB314_gray_mcct	1.4570701131510415	1.987512695141887	1.9737402617341435	singleton
			GB315	1	gray_mcct	112	0	0	GB315_gray_mcct				all same
0.5116469218476228	0.00415	0.04615	GB316	1	gray_mcct	118	27	0.2288135593220339	GB316_gray_mcct	30.80581515073913	37.996680347708796	23.271954491212902	dissimilar to both
0.980458645696956	0.45355	8e-4	GB317	1	gray_mcct	116	21	0.1810344827586207	GB317_gray_mcct	31.50644730235594	31.731166730290823	20.231481270932605	similar to 1
0.2995438193079103	0	0.1257	GB318	1	gray_mcct	118	56	0.4745762711864407	GB318_gray_mcct	37.01522233131173	51.791129826347216	30.696437678101677	similar to 0
0.6581983740200964	0.3502	0.2844	GB319	1	gray_mcct	122	4	0.03278688524590164	GB319_gray_mcct	7.150618095942674	7.6286886145949255	6.230010310237298	similar to both, between 0 & 1
-0.2448322991489673	1e-4	0.6989	GB320	1	gray_mcct	119	11	0.09243697478991597	GB320_gray_mcct	11.937894207760818	19.142243989639113	13.35483809825634	similar to 0
0.42336160854035	0.3583	0.44945	GB321	1	gray_mcct	116	2	0.017241379310344827	GB321_gray_mcct	3.673862098419834	3.911126050361503	3.4996654964759375	similar to both, between 0 & 1
			GB322	1	gray_mcct	55	5	0.09090909090909091	GB322_gray_mcct	6.452399452325771	8.775774117645748	7.066179961053884	
			GB323	1	gray_mcct	53	1	0.018867924528301886	GB323_gray_mcct	2.6502885923397885	1.9568940437665048	1.915124919372377	singleton
0.7436329771612388	0.062	0.0021	GB324	1	gray_mcct	109	39	0.3577981651376147	GB324_gray_mcct	40.68688695532381	45.173797849409084	27.671894350271202	similar to 1
1.3103364198312646	0.64405	0.12045	GB325	1	gray_mcct	92	4	0.043478260869565216	GB325_gray_mcct	7.9365032722623186	7.512406730464171	6.145836406463089	similar to both, above 1
0.5648401445179483	0.04955	0.0937	GB326	1	gray_mcct	105	16	0.1523809523809524	GB326_gray_mcct	21.96054123181179	25.622672418186234	17.207072632866673	similar to 0
-7.98643673454242	0.5747	0.3771	GB327	1	gray_mcct	113	1	0.008849557522123894	GB327_gray_mcct	2.0828562544042946	1.9838415499259843	1.9948597885675265	singleton
-1.1735358645536489	0.0262	0.76505	GB328	1	gray_mcct	108	3	0.027777777777777776	GB328_gray_mcct	3.8686417825042696	5.764690310185688	4.892356635548676	similar to 0
0.6587321327664502	0.2791	0.2213	GB329	1	gray_mcct	103	6	0.05825242718446602	GB329_gray_mcct	10.216943675346132	11.05284644845103	8.603442758964963	similar to both, between 0 & 1
1.5117278884044876	0.8679	0.0103	GB330	1	gray_mcct	98	7	0.07142857142857142	GB330_gray_mcct	14.223805284562204	12.614872747445194	9.470755388249689	similar to 1
0.32259080842675114	0.0171	0.26585	GB331	1	gray_mcct	99	12	0.12121212121212122	GB331_gray_mcct	15.993260347454346	20.080883508289727	14.046682597401462	similar to 0
-0.365354463939832	0	0.8372	GB333	1	gray_mcct	120	21	0.175	GB333_gray_mcct	16.635324973368757	32.34235918452259	20.838361778728043	similar to 0
-0.3556231159025087	0	0.8863	GB334	1	gray_mcct	115	40	0.34782608695652173	GB334_gray_mcct	22.162813263450104	47.09695706545103	28.703833261715232	similar to 0
0.15662881662254302	0.00195	0.3997	GB335	1	gray_mcct	117	14	0.11965811965811966	GB335_gray_mcct	17.138726968979547	23.455735494922394	15.96554772179377	similar to 0
-6.840823747790642	0.4251	0.51655	GB336	1	gray_mcct	109	1	0.009174311926605505	GB336_gray_mcct	1.9036108544755863	1.980365670839955	1.9705765442337109	singleton
1.415537357178533	0.7292	0.05625	GB400	1	gray_mcct	102	5	0.049019607843137254	GB400_gray_mcct	10.106862550248266	9.318091783849953	7.419897186488102	similar to both, above 1
			GB401	1	gray_mcct	65	24	0.36923076923076925	GB401_gray_mcct	28.70854967132494	27.182822865627138	18.77209098997572	
-1.0672439375792562	0.39105	0.5589	GB402	1	gray_mcct	82	1	0.012195121951219513	GB402_gray_mcct	1.9486514208812797	1.9787691403523902	1.9642001197720815	singleton
0.05753671032588825	0.0017	0.4736	GB403	1	gray_mcct	86	13	0.1511627906976744	GB403_gray_mcct	14.749020675088254	20.741401725761364	14.383190094255614	similar to 0
0.7306532898373791	0.0328	0.00105	GB408	1	gray_mcct	117	45	0.38461538461538464	GB408_gray_mcct	44.16456762124583	49.6159647041078	29.376634216014462	dissimilar to both
0.24307989504558267	1e-4	0.22675	GB409	1	gray_mcct	115	27	0.23478260869565218	GB409_gray_mcct	26.879754356502907	37.78653718147324	23.377113051264473	similar to 0
0.8601760477490933	0.1874	5.5e-4	GB410	1	gray_mcct	113	34	0.3008849557522124	GB410_gray_mcct	40.691826859164934	43.016999045012895	26.387715231925114	similar to 1
0.8038245858748692	0.2279	0.02185	GB415	1	gray_mcct	92	16	0.17391304347826086	GB415_gray_mcct	23.118655566806794	24.64196238673094	16.876938279517887	similar to 1
0.6245493415784439	0.0326	0.0248	GB421	1	gray_mcct	92	31	0.33695652173913043	GB421_gray_mcct	32.19129084697994	37.01771037121015	24.162706881481	dissimilar to both
-1.0509546641471084	0.00945	0.8063	GB422	1	gray_mcct	96	4	0.041666666666666664	GB422_gray_mcct	4.868917408075494	7.5407091152628745	6.238002744472154	similar to 0
0.052464879232532874	4e-4	0.47145	GB430	1	gray_mcct	123	15	0.12195121951219512	GB430_gray_mcct	16.935838210084306	24.80781167011315	16.499968206059968	similar to 0
1.0082444465343623	0.4997	0.01825	GB431	1	gray_mcct	124	10	0.08064516129032258	GB431_gray_mcct	17.636260565178215	17.59295862952253	12.34070361456132	similar to 1
0.9074742942121505	0.3657	0.0217	GB432	1	gray_mcct	122	12	0.09836065573770492	GB432_gray_mcct	20.093171702530924	20.69351777652974	14.205093085392154	similar to 1
-0.3938541710967839	0	0.90735	GB433	1	gray_mcct	126	35	0.2777777777777778	GB433_gray_mcct	20.41899238342291	45.315601474490926	27.453898573765244	similar to 0
0.7500006203966851	0.07635	0.0037	GB519	1	gray_mcct	106	35	0.330188679245283	GB519_gray_mcct	38.346828681326144	42.320794857620726	26.42489070537743	similar to 1
0.4361520429430194	0.00215	0.08135	GB520	1	gray_mcct	120	26	0.21666666666666667	GB520_gray_mcct	29.511315519483468	37.319594774621315	23.471394816793378	similar to 0
0.5108449926028844	0.00125	0.02085	GB521	1	gray_mcct	117	51	0.4358974358974359	GB521_gray_mcct	41.04757568709723	50.8962599384707	30.762183618205384	dissimilar to both
0.6856282329464557	0.0442	0.0086	GB522	1	gray_mcct	109	29	0.26605504587155965	GB522_gray_mcct	34.160589332920594	38.7219907946694	24.212413473204965	dissimilar to both
0.296114500097238	1.635e-4	0.1850155	GB020	100	gray_posteriors	129	51	0.3953488372093023	GB020_gray_posteriors	41.926959786796736	53.98098321699645	36.79224214625414	similar to 0
-0.04178404129852679	6.5000000000000004e-6	0.560695	GB021	100	gray_posteriors	116	42	0.3620689655172414	GB021_gray_posteriors	32.07149391711089	47.074794703893794	32.62320229679344	similar to 0
-0.4251922265174712	0	0.889283	GB022	100	gray_posteriors	130	49	0.3769230769230769	GB022_gray_posteriors	29.30317546792373	53.48925291450739	36.45193691875412	similar to 0
0.5070731003687143	0.024079	0.106722	GB023	100	gray_posteriors	129	25	0.1937984496124031	GB023_gray_posteriors	31.52193216289068	36.60723959373004	26.22719058803647	similar to 0
-0.40489528973646216	0	0.8815395	GB024a	100	gray_posteriors	126	61	0.48412698412698413	GB024a_gray_posteriors	30.468385782636144	55.27570787727939	37.5458818135994	similar to 0
-0.6409530719649739	0	0.9616225	GB024b	100	gray_posteriors	126	49	0.3888888888888889	GB024b_gray_posteriors	25.473909443406043	52.846862546185065	36.09954412427089	similar to 0
0.1560955357336659	2.19e-4	0.3565605	GB025a	100	gray_posteriors	125	34	0.272	GB025a_gray_posteriors	33.01368473931818	44.16454436408122	30.899928685274304	similar to 0
-0.2532415276827521	6.95e-5	0.714038	GB025b	100	gray_posteriors	125	19	0.152	GB025b_gray_posteriors	19.950839207838793	29.733002261274276	21.893785524818046	similar to 0
			GB026	100	gray_posteriors	116	0	0	GB026_gray_posteriors				all same
0.32788646627524065	0.0039875	0.214506	GB027	100	gray_posteriors	102	34	0.3333333333333333	GB027_gray_posteriors	32.48512161076113	40.15172110467447	28.689453108817254	similar to 0
-0.44244112484696096	0.3158805	0.5707615	GB028	100	gray_posteriors	132	2	0.015151515151515152	GB028_gray_posteriors	3.530792438976848	3.9108556206985714	3.648590007648098	similar to both, below 0
-0.06279716082644392	0.077736	0.555626	GB030	100	gray_posteriors	131	6	0.04580152671755725	GB030_gray_posteriors	9.155516669294297	11.099565279548978	9.254068954840646	similar to both, below 0
-0.13172593564401386	0	0.6656815	GB031	100	gray_posteriors	130	42	0.3230769230769231	GB031_gray_posteriors	32.43923223246278	50.1601994395557	34.442924461309474	similar to 0
0.12621351929755306	2.9e-4	0.3972365	GB035	100	gray_posteriors	112	30	0.26785714285714285	GB035_gray_posteriors	29.451556959766975	39.53625427175272	27.954343640682637	similar to 0
0.451523346471922	0.185471	0.3117645	GB036	100	gray_posteriors	111	8	0.07207207207207207	GB036_gray_posteriors	12.73451312975653	14.229912035575675	11.498321092190324	similar to both, between 0 & 1
0.45792443208116945	0.1354735	0.267766	GB037	100	gray_posteriors	111	11	0.0990990990990991	GB037_gray_posteriors	16.51261947798033	18.738854305849255	14.622242439283694	similar to both, between 0 & 1
0.6506760970177744	0.3804325	0.311222	GB038	100	gray_posteriors	119	5	0.04201680672268908	GB038_gray_posteriors	8.852284270901531	9.33919815170825	7.957636479970011	similar to both, between 0 & 1
1.043915998943933	0.5349785	0.035044	GB039	100	gray_posteriors	119	13	0.1092436974789916	GB039_gray_posteriors	21.972936473990504	21.751804435570364	16.678044556793882	similar to 1
0.16663054887875164	0.3608905	0.4613745	GB041	100	gray_posteriors	96	3	0.03125	GB041_gray_posteriors	5.246758071424084	5.725684118528883	5.127738397271657	similar to both, between 0 & 1
2.3095633109592795	0.772005	0.1332895	GB042	100	gray_posteriors	129	3	0.023255813953488372	GB042_gray_posteriors	6.54709947268446	5.781450231655049	5.194623613948267	similar to both, above 1
0.08698587558407384	0.39873	0.50003	GB043	100	gray_posteriors	128	2	0.015625	GB043_gray_posteriors	3.6812732688774257	3.9095162890428274	3.652440446765988	similar to both, between 0 & 1
0.10503854000310221	0.0074205	0.453551	GB044	100	gray_posteriors	126	15	0.11904761904761904	GB044_gray_posteriors	19.283761624836643	24.656290164513255	18.615252825564273	similar to 0
1.0847463275794857	0.5841665	0.013859	GB046	100	gray_posteriors	66	21	0.3181818181818182	GB046_gray_posteriors	26.329516448022392	25.79370918631067	19.371170923258845	similar to 1
0.5388117838623474	0.038938	0.085148	GB047	100	gray_posteriors	104	30	0.28846153846153844	GB047_gray_posteriors	33.106104787834106	38.09797597530906	27.247297452128908	similar to 0
0.3710925546981615	0.0080405	0.1780685	GB048	100	gray_posteriors	95	32	0.3368421052631579	GB048_gray_posteriors	30.942566143144674	37.56639590864027	26.97430614199062	similar to 0
0.5747784063407626	0.0346025	0.052188	GB049	100	gray_posteriors	102	41	0.4019607843137255	GB049_gray_posteriors	37.62254585267599	42.904427108132666	30.442918372141452	similar to 0
0.0053174239101137465	0.396489	0.498062	GB051	100	gray_posteriors	124	2	0.016129032258064516	GB051_gray_posteriors	3.649611354989954	3.9060692880519543	3.6463795267327583	similar to both, between 0 & 1
-0.5482859853744433	0.19613	0.616119	GB052	100	gray_posteriors	123	3	0.024390243902439025	GB052_gray_posteriors	4.866600707523402	5.77338428054611	5.184471630518285	similar to both, below 0
0.5652073810942103	0.2251215	0.243446	GB053	100	gray_posteriors	121	9	0.0743801652892562	GB053_gray_posteriors	14.533856596885984	15.929189946659086	12.711790566216706	similar to both, between 0 & 1
-1.6874640760057276	0.070854	0.795056	GB054	100	gray_posteriors	121	3	0.024793388429752067	GB054_gray_posteriors	4.162543088438209	5.769115954482326	5.170404345105139	similar to both, below 0
-0.7771083555405479	0	0.9722365	GB057	100	gray_posteriors	121	40	0.3305785123966942	GB057_gray_posteriors	21.79568609441331	47.43520677641735	32.951213219329624	similar to 0
0.15160293719802934	2.1000000000000002e-5	0.3453455	GB058	100	gray_posteriors	120	52	0.43333333333333335	GB058_gray_posteriors	37.658034145021084	51.42691795913268	35.13368979727556	similar to 0
0.4102943990907055	0.3564115	0.432356	GB059	100	gray_posteriors	126	3	0.023809523809523808	GB059_gray_posteriors	5.421376071241347	5.773611886673385	5.178354241014004	similar to both, between 0 & 1
0.21622512537244465	2.4e-5	0.2592525	GB065a	100	gray_posteriors	131	61	0.46564885496183206	GB065a_gray_posteriors	42.31707801073976	56.60365831787187	38.30033156659109	similar to 0
0.3626515745815434	0.0109145	0.213057	GB065b	100	gray_posteriors	131	22	0.16793893129770993	GB065b_gray_posteriors	27.56187786351718	33.435931538411495	24.167679223602637	similar to 0
0.511332553141328	0.021951000000000002	0.094014	GB068	100	gray_posteriors	112	31	0.2767857142857143	GB068_gray_posteriors	34.4867914598696	40.03418323284736	28.630567452081298	similar to 0
0.7966696513893327	0.16851649999999999	0.00845	GB069	100	gray_posteriors	104	39	0.375	GB069_gray_posteriors	40.286460755015064	42.89088699649278	30.012614870841404	similar to 1
0.8780664863429479	0.4267835	0.1655385	GB070	100	gray_posteriors	124	7	0.056451612903225805	GB070_gray_posteriors	12.464150183223776	12.743844491476443	10.446480215592265	similar to both, between 0 & 1
0.9320463008862812	0.374157	0.0040335	GB071	100	gray_posteriors	124	29	0.23387096774193547	GB071_gray_posteriors	39.17194464150505	39.96850898581431	28.32416446435082	similar to 1
0.27873204047688005	0.009759	0.2977485	GB072	100	gray_posteriors	122	19	0.1557377049180328	GB072_gray_posteriors	24.00239251146996	29.506710504137942	21.819067504056065	similar to 0
0.6235617343294054	0.051825500000000004	0.042975	GB073	100	gray_posteriors	120	33	0.275	GB073_gray_posteriors	37.957571511177974	42.66199456809408	30.068166742044248	similar to 1
-2.139731432469387	5e-7	0.989277	GB074	100	gray_posteriors	128	9	0.0703125	GB074_gray_posteriors	5.646819634070018	15.982780368720618	12.674525439095163	similar to 0
-0.7918310355353478	0	0.911949	GB075	100	gray_posteriors	122	15	0.12295081967213115	GB075_gray_posteriors	13.863477812558708	24.534692058154743	18.550446897149158	similar to 0
0.8220898221753709	0.331138	0.086521	GB079	100	gray_posteriors	131	12	0.0916030534351145	GB079_gray_posteriors	19.75713697356757	20.587855133091757	15.877774855903366	similar to both, between 0 & 1
0.20329024457294173	8.295e-4	0.3271465	GB080	100	gray_posteriors	130	26	0.2	GB080_gray_posteriors	29.111412573410494	37.697086315214705	26.878588586386208	similar to 0
-0.9379864317219017	1.345e-4	0.8944515	GB081	100	gray_posteriors	122	10	0.08196721311475409	GB081_gray_posteriors	10.273858479673748	17.445643533939297	13.722740234476474	similar to 0
-0.015606325486743615	0.0174845	0.5440875	GB082	100	gray_posteriors	129	10	0.07751937984496124	GB082_gray_posteriors	13.825605909438442	17.570984473800834	13.844892345281826	similar to 0
0.6199791442429249	0.109599	0.0980045	GB083	100	gray_posteriors	128	18	0.140625	GB083_gray_posteriors	25.772073306655003	28.59703296575355	21.0712411017212	similar to both, between 0 & 1
0.15956862340876607	0.0017795	0.3883255	GB084	100	gray_posteriors	128	21	0.1640625	GB084_gray_posteriors	24.91933973031631	32.22040740653616	23.47568668820414	similar to 0
0.5069647075305955	0.010904	0.070034	GB086	100	gray_posteriors	121	40	0.3305785123966942	GB086_gray_posteriors	40.27502035260265	47.26301430625019	32.984501584017735	similar to 0
0.3108458003044568	0.037553	0.321695	GB089	100	gray_posteriors	129	13	0.10077519379844961	GB089_gray_posteriors	18.49348493296732	22.011384358884296	16.863809267757873	similar to 0
-0.41143163899249363	0	0.878438	GB090	100	gray_posteriors	129	51	0.3953488372093023	GB090_gray_posteriors	30.064344452656677	54.028390125101716	36.97131918566576	similar to 0
-0.10469537430745138	0.0192715	0.5890715	GB091	100	gray_posteriors	126	10	0.07936507936507936	GB091_gray_posteriors	13.51263724792298	17.538283777265004	13.853872811904873	similar to 0
-0.38984095565042104	0	0.859874	GB092	100	gray_posteriors	125	46	0.368	GB092_gray_posteriors	29.302873867860857	51.27009684417416	35.3877406585586	similar to 0
-0.27433958305568157	0	0.795107	GB093	100	gray_posteriors	128	52	0.40625	GB093_gray_posteriors	32.39469936194604	54.05041666649482	36.98090373536364	similar to 0
-2.680173035192651	0.101677	0.804074	GB094	100	gray_posteriors	128	2	0.015625	GB094_gray_posteriors	2.96470469506022	3.909829611309286	3.6499268711899426	similar to both, below 0
0.05426220522896522	0.118854	0.507146	GB095	100	gray_posteriors	115	6	0.05217391304347826	GB095_gray_posteriors	9.327832136641247	11.012612689177178	9.218220084014053	similar to both, between 0 & 1
0.9613628305692421	0.45059	0.0297465	GB096	100	gray_posteriors	116	15	0.12931034482758622	GB096_gray_posteriors	24.097460998218587	24.326945044001274	18.43427814944116	similar to 1
0.7654371528355692	0.212063	0.0390725	GB098	100	gray_posteriors	116	22	0.1896551724137931	GB098_gray_posteriors	30.519954659979216	32.54229634903756	23.81791530242834	similar to 1
-2.769825142387438	0.169794	0.7500065	GB099	100	gray_posteriors	102	2	0.0196078431372549	GB099_gray_posteriors	2.973711599152309	3.8913928491261367	3.641217856677518	similar to both, below 0
0.19145963997782695	0.022362	0.3997635	GB103	100	gray_posteriors	106	14	0.1320754716981132	GB103_gray_posteriors	18.38536237932491	22.654387092573806	17.32862403452546	similar to 0
-0.10583580228065012	0.007164	0.592815	GB104	100	gray_posteriors	105	13	0.12380952380952381	GB104_gray_posteriors	15.857711442288656	21.29165202180514	16.360849499939253	similar to 0
0.6777271960848168	0.0793275	0.0301405	GB105	100	gray_posteriors	98	48	0.4897959183673469	GB105_gray_posteriors	39.18439561774745	43.04619018474933	30.991572274460218	similar to 1
0.04016681603608733	4.3e-5	0.4834985	GB107	100	gray_posteriors	131	31	0.2366412213740458	GB107_gray_posteriors	30.428829062566546	42.441842989236164	29.84676762251723	similar to 0
-0.005747657186714487	5e-6	0.5247205	GB108	100	gray_posteriors	122	43	0.3524590163934426	GB108_gray_posteriors	33.85746701086969	49.15516430997858	33.878465477011055	similar to 0
0.06610905676687993	0.028313	0.4826895	GB109	100	gray_posteriors	99	11	0.1111111111111111	GB109_gray_posteriors	14.702447759987733	18.353700361442844	14.404062176697394	similar to 0
			GB110	100	gray_posteriors	100	0	0	GB110_gray_posteriors				all same
0.2036956935432786	0.048063	0.403882	GB111	100	gray_posteriors	119	11	0.09243697478991597	GB111_gray_posteriors	15.70865255081654	18.89039249086884	14.83050250532428	similar to 0
0.48377130624711856	0.0288535	0.1354405	GB113	100	gray_posteriors	123	22	0.17886178861788618	GB113_gray_posteriors	28.317874454298025	32.9757387169988	23.90587520454758	similar to 0
0.5300834533754014	0.0988745	0.1696335	GB114	100	gray_posteriors	106	15	0.14150943396226415	GB114_gray_posteriors	21.122047446816875	23.927032999710406	17.88983355859332	similar to both, between 0 & 1
0.29102123707922023	0.0013095	0.21891650000000001	GB115	100	gray_posteriors	112	41	0.36607142857142855	GB115_gray_posteriors	36.278364963615196	45.72140624813773	32.332965932499995	similar to 0
21.619671021580107	0.6624195	0.3225065	GB116	100	gray_posteriors	106	1	0.009433962264150943	GB116_gray_posteriors	2.301474695865456	1.9813339777069603	1.9559390413710671	singleton
0.32433622226086495	0.0140995	0.2571835	GB117	100	gray_posteriors	113	22	0.19469026548672566	GB117_gray_posteriors	26.682530245575293	32.371316459387984	23.894581642739567	similar to 0
0.10888421859174388	0.0030545	0.4331735	GB118	100	gray_posteriors	107	23	0.21495327102803738	GB118_gray_posteriors	25.51920435037368	32.53860059608004	24.59685537958285	similar to 0
0.7047586140947996	0.111883	0.0335765	GB119	100	gray_posteriors	119	26	0.2184873949579832	GB119_gray_posteriors	33.60100316852055	36.71967214903643	26.11334606678274	similar to 1
0.8217350692304418	0.222212	0.0125575	GB120	100	gray_posteriors	120	27	0.225	GB120_gray_posteriors	35.805652222752975	37.763644908702254	26.704666627299904	similar to 1
0.791150992157069	0.26208	0.0531845	GB121	100	gray_posteriors	121	16	0.1322314049586777	GB121_gray_posteriors	24.395643085259675	25.80065336127104	19.10816867810117	similar to both, between 0 & 1
0.7190844662890861	0.1327825	0.035298	GB122	100	gray_posteriors	84	36	0.42857142857142855	GB122_gray_posteriors	33.430038225786966	36.175233420065524	26.299499332798778	similar to 1
			GB123	100	gray_posteriors	54	9	0.16666666666666666	GB123_gray_posteriors	11.84666862455501	13.961935253536824	11.444255944166045	
-0.3574625460323168	6e-6	0.784411	GB124	100	gray_posteriors	83	41	0.4939759036144578	GB124_gray_posteriors	23.257368956114277	36.210309505196406	26.61281927881996	similar to 0
0.7565966689483513	0.132245	0.015068999999999999	GB126	100	gray_posteriors	104	35	0.33653846153846156	GB126_gray_posteriors	38.17282926124768	41.281322882361344	28.48895536887348	similar to 1
-1.596353265095685	0.005789	0.89137	GB127	100	gray_posteriors	82	5	0.06097560975609756	GB127_gray_posteriors	5.6840914879896545	9.074553795568312	7.753453730471584	similar to 0
1.9495055147686664	0.7148715	0.164684	GB129	100	gray_posteriors	119	3	0.025210084033613446	GB129_gray_posteriors	6.315470925011529	5.765118292387628	5.182101138562961	similar to both, above 1
-0.4331470231971628	0	0.869007	GB130a	100	gray_posteriors	126	32	0.25396825396825395	GB130a_gray_posteriors	24.416927363119555	42.62589613553211	29.86999963606935	similar to 0
-0.2155416946644496	0	0.738222	GB130b	100	gray_posteriors	126	38	0.30158730158730157	GB130b_gray_posteriors	29.478325167089228	46.930132214814954	32.51476794583508	similar to 0
-0.453895332463015	0	0.881508	GB131	100	gray_posteriors	128	34	0.265625	GB131_gray_posteriors	25.262945796615192	44.55752668020002	31.231167198846997	similar to 0
-0.5838374239280585	0	0.939926	GB132	100	gray_posteriors	127	43	0.33858267716535434	GB132_gray_posteriors	25.698901716623045	50.119102152518586	34.63642615513402	similar to 0
-1.5503754290604073	0	0.9858715	GB133	100	gray_posteriors	130	13	0.1	GB133_gray_posteriors	8.896692980177205	22.023825270921233	16.849439110055606	similar to 0
1.6023379522502332	0.6262595	0.243578	GB134	100	gray_posteriors	109	3	0.027522935779816515	GB134_gray_posteriors	6.096417721378458	5.747375124057778	5.166956453037273	similar to both, above 1
0.025715703500505536	0.2261335	0.5046	GB135	100	gray_posteriors	96	4	0.041666666666666664	GB135_gray_posteriors	6.50575592734704	7.487347172660582	6.480633958202385	similar to both, between 0 & 1
0.25852934811198586	0.0012545	0.263238	GB136	100	gray_posteriors	117	34	0.2905982905982906	GB136_gray_posteriors	33.70968773745939	42.79322131027336	30.462778280365615	similar to 0
0.015875768069092022	1e-4	0.50871	GB137	100	gray_posteriors	126	26	0.20634920634920634	GB137_gray_posteriors	26.980551220926237	37.36161373361725	26.75225116736118	similar to 0
0.7633226067806947	0.105353	0.005408	GB138	100	gray_posteriors	127	47	0.3700787401574803	GB138_gray_posteriors	48.09897869253222	51.946834279589446	35.66616140862081	similar to 1
0.6804647365708714	0.121332	0.050796	GB139	100	gray_posteriors	113	26	0.23008849557522124	GB139_gray_posteriors	32.83896259968213	36.02798746454596	26.010014040362762	similar to both, between 0 & 1
0.8468047254332437	0.2466835	0.0120175	GB140	100	gray_posteriors	86	41	0.47674418604651164	GB140_gray_posteriors	36.31791347834026	37.99288326823723	27.042252663892402	similar to 1
0.34615883096527805	0.054161	0.277959	GB146	100	gray_posteriors	69	20	0.2898550724637681	GB146_gray_posteriors	21.54559685807232	25.757145457875843	19.29036668946453	similar to both, between 0 & 1
0.40878765542137124	0.0066985	0.142185	GB147	100	gray_posteriors	110	34	0.3090909090909091	GB147_gray_posteriors	34.61919618674732	41.91122838876499	29.546778841867578	similar to 0
0.2893216148638595	0.0428345	0.325822	GB148	100	gray_posteriors	94	15	0.1595744680851064	GB148_gray_posteriors	19.503242523114437	23.307874761945005	17.91028910804547	similar to 0
			GB149	100	gray_posteriors	114	0	0	GB149_gray_posteriors				all same
-0.029631326778081207	0.0201595	0.535104	GB150	100	gray_posteriors	89	12	0.1348314606741573	GB150_gray_posteriors	15.159055685626234	19.331452031712555	15.242805915235113	similar to 0
-0.05760169890704384	0.110303	0.547387	GB151	100	gray_posteriors	113	7	0.061946902654867256	GB151_gray_posteriors	10.351684338763373	12.645389337827122	10.47231711918348	similar to both, below 0
0.709851816841602	0.209318	0.0866215	GB152	100	gray_posteriors	103	17	0.1650485436893204	GB152_gray_posteriors	24.41853815851506	26.140346457731077	20.133903504625724	similar to both, between 0 & 1
-0.7860603315042652	0	0.9556395	GB155	100	gray_posteriors	125	26	0.208	GB155_gray_posteriors	18.30682784735086	37.31695774754808	26.622618984774807	similar to 0
-0.08606621540446577	0.289358	0.534036	GB156	100	gray_posteriors	106	3	0.02830188679245283	GB156_gray_posteriors	5.1354981853262585	5.740478969877391	5.173147229568062	similar to both, below 0
-0.41625600428819115	7.57e-4	0.754171	GB158	100	gray_posteriors	126	12	0.09523809523809523	GB158_gray_posteriors	14.00499179868714	20.507349559179048	15.879670703331401	similar to 0
0.32174135369668194	0.0032565	0.22785	GB159	100	gray_posteriors	100	36	0.36	GB159_gray_posteriors	32.87747092023595	40.749137502568665	29.08198957928038	similar to 0
0.5900811737873625	0.0560575	0.085345	GB160	100	gray_posteriors	86	40	0.46511627906976744	GB160_gray_posteriors	33.63668812203931	37.790107296021034	27.585147189093277	similar to both, between 0 & 1
-0.6851074548662007	0.2912945	0.594481	GB165	100	gray_posteriors	121	2	0.01652892561983471	GB165_gray_posteriors	3.4528693222519085	3.9036722264092916	3.6353154312754477	similar to both, below 0
0.018822613987063645	0.307681	0.5086215	GB166	100	gray_posteriors	122	3	0.02459016393442623	GB166_gray_posteriors	5.17008942897325	5.768987485521927	5.164455963298181	similar to both, between 0 & 1
			GB167	100	gray_posteriors	95	0	0	GB167_gray_posteriors				all same
-2.7208269019890703	0.1081355	0.798006	GB170	100	gray_posteriors	120	2	0.016666666666666666	GB170_gray_posteriors	2.9122855587472385	3.9022064475422757	3.6341655289759993	similar to both, below 0
0.4305082887760527	0.377199	0.429282	GB171	100	gray_posteriors	119	3	0.025210084033613446	GB171_gray_posteriors	5.411752618631415	5.765397466573511	5.148269866179272	similar to both, between 0 & 1
0.027009616450069072	0.0281025	0.511069	GB172	100	gray_posteriors	124	10	0.08064516129032258	GB172_gray_posteriors	13.7575488484287	17.463685659171123	13.637179207723106	similar to 0
1.2012882468955624	0.6271065	0.0634375	GB177	100	gray_posteriors	104	10	0.09615384615384616	GB177_gray_posteriors	17.79995882050356	17.104727468741537	13.557172555283575	similar to both, above 1
1.0378295061018745	0.5515725	0.0010815	GB184	100	gray_posteriors	111	30	0.2702702702702703	GB184_gray_posteriors	39.53854619148207	39.11087470220405	27.657410236178066	similar to 1
0.3950578359008898	0.0027945	0.1344215	GB185	100	gray_posteriors	114	45	0.39473684210526316	GB185_gray_posteriors	38.745734796512	47.836637110704395	32.787342458852535	similar to 0
0.4973346286554568	0.0076405	0.0685175	GB186	100	gray_posteriors	118	44	0.3728813559322034	GB186_gray_posteriors	40.74508017396335	48.524966816393196	33.014795687612406	similar to 0
0.8811301314810557	0.4255845	0.122677	GB187	100	gray_posteriors	70	9	0.12857142857142856	GB187_gray_posteriors	14.414289682245448	14.774212007759065	11.784123743706791	similar to both, between 0 & 1
2.302920127179835	0.817327	0.0747875	GB188	100	gray_posteriors	72	4	0.05555555555555555	GB188_gray_posteriors	8.597653520395758	7.352437163608802	6.390197553852742	similar to both, above 1
25.51774187084007	0.744903	0.2325895	GB192	100	gray_posteriors	123	1	0.008130081300813009	GB192_gray_posteriors	2.3760434074130306	1.9838814230221335	1.9608990741812544	singleton
0.7998322822080962	0.1931295	0.014798	GB193a	100	gray_posteriors	126	26	0.20634920634920634	GB193a_gray_posteriors	35.106160184032795	37.273455090708325	26.42603310792399	similar to 1
0.4935734103084799	0.21823399999999998	0.30694	GB193b	100	gray_posteriors	126	7	0.05555555555555555	GB193b_gray_posteriors	11.556668462746506	12.745792287826736	10.387299463392418	similar to both, between 0 & 1
			GB196	100	gray_posteriors	127	0	0	GB196_gray_posteriors				all same
			GB197	100	gray_posteriors	127	0	0	GB197_gray_posteriors				all same
0.60245983390894	0.3397775	0.3157155	GB198	100	gray_posteriors	120	5	0.041666666666666664	GB198_gray_posteriors	8.767726996578018	9.335143751601535	7.899695558432894	similar to both, between 0 & 1
0.4004186680638337	0.0061535	0.159684	GB203a	100	gray_posteriors	99	36	0.36363636363636365	GB203a_gray_posteriors	33.375236976277854	40.49883976151596	28.55734052647338	similar to 0
0.40615893169495626	0.0173285	0.1840595	GB203b	100	gray_posteriors	99	25	0.25252525252525254	GB203b_gray_posteriors	28.111912548840262	33.624452415501665	24.29249938427787	similar to 0
0.6785019680822114	0.107079	0.0538565	GB204	100	gray_posteriors	75	35	0.4666666666666667	GB204_gray_posteriors	29.727970417607164	32.63021563382075	23.536993654465086	similar to both, between 0 & 1
0.13695327655363554	0.0030575	0.4147125	GB250	100	gray_posteriors	74	27	0.36486486486486486	GB250_gray_posteriors	23.567642460217424	30.49133128208158	22.435097462304466	similar to 0
			GB252	100	gray_posteriors	56	9	0.16071428571428573	GB252_gray_posteriors	12.91046179388858	14.091132148863254	11.301674363201789	
			GB253	100	gray_posteriors	59	12	0.2033898305084746	GB253_gray_posteriors	20.543288118694267	17.62757549279213	13.575578458114398	
0.5778836800640099	0.1138335	0.1452135	GB254	100	gray_posteriors	71	21	0.29577464788732394	GB254_gray_posteriors	23.99816507180182	26.786697879437366	20.14585315962681	similar to both, between 0 & 1
			GB256	100	gray_posteriors	58	9	0.15517241379310345	GB256_gray_posteriors	14.393422316371579	14.232097630360169	11.38407999711015	
1.1046709732087359	0.5654075	0.101497	GB257	100	gray_posteriors	97	8	0.08247422680412371	GB257_gray_posteriors	14.276425048935856	14.01122597319877	11.398069171410697	similar to both, above 1
			GB260	100	gray_posteriors	98	0	0	GB260_gray_posteriors				all same
-0.08459849224816235	0.036317	0.5633705	GB262	100	gray_posteriors	98	9	0.09183673469387756	GB262_gray_posteriors	12.254633693147417	15.522183377419118	12.485539347109352	similar to 0
0.5103440770321829	0.0299005	0.1045095	GB263	100	gray_posteriors	100	30	0.3	GB263_gray_posteriors	32.32771375286904	37.339188417263145	27.058051432080454	similar to 0
0.9462261522572256	0.4789185	0.1687725	GB264	100	gray_posteriors	97	7	0.07216494845360824	GB264_gray_posteriors	12.337618322623722	12.454333501627083	10.297763872265369	similar to both, between 0 & 1
-0.12146963011740294	9.9e-5	0.616426	GB265	100	gray_posteriors	73	36	0.4931506849315068	GB265_gray_posteriors	22.322207814365832	32.46421483301356	23.383429709147745	similar to 0
0.20284193884446622	0.0032475	0.353006	GB266	100	gray_posteriors	74	32	0.43243243243243246	GB266_gray_posteriors	25.23682415273908	32.28110213705286	23.41224670501578	similar to 0
			GB270	100	gray_posteriors	62	23	0.3709677419354839	GB270_gray_posteriors	23.786842534298277	25.846670137635193	19.73476189550744	
			GB273	100	gray_posteriors	61	17	0.2786885245901639	GB273_gray_posteriors	23.256707790764914	22.374051728521298	16.96268927646871	
0.7486126792544907	0.316328	0.1479135	GB275	100	gray_posteriors	84	11	0.13095238095238096	GB275_gray_posteriors	16.943808066091172	17.853302480133493	14.16739497465855	similar to both, between 0 & 1
0.3211518135286861	0.0084515	0.26581	GB276	100	gray_posteriors	79	38	0.4810126582278481	GB276_gray_posteriors	28.320466487602	34.620361153747794	25.291263492810106	similar to 0
5.892164930867568	0.595602	0.392707	GB285	100	gray_posteriors	100	1	0.01	GB285_gray_posteriors	2.255111912827561	1.9800770293605854	1.9578734368718511	singleton
2.3915177293021666	0.8421335	0.068214	GB286	100	gray_posteriors	99	4	0.04040404040404041	GB286_gray_posteriors	8.824482033324868	7.502076548941805	6.550520016824341	similar to both, above 1
0.09656991882721426	0.103162	0.4822665	GB291	100	gray_posteriors	106	7	0.0660377358490566	GB291_gray_posteriors	10.55317405346163	12.575810789823757	10.317250256277136	similar to both, between 0 & 1
			GB296	100	gray_posteriors	34	1	0.029411764705882353	GB296_gray_posteriors	2.801254065322756	1.9413773884274976	1.8991794728017712	singleton
1.7388675869822132	0.6154265	0.304752	GB297	100	gray_posteriors	90	2	0.022222222222222223	GB297_gray_posteriors	4.065035878893097	3.8733030361173175	3.6183825321787215	similar to both, above 1
0.9550996643979711	0.436734	0.021835	GB298	100	gray_posteriors	123	16	0.13008130081300814	GB298_gray_posteriors	25.523002963988656	25.82879332684507	19.237013765123773	similar to 1
0.09807556131445613	4.175e-4	0.4287135	GB299	100	gray_posteriors	124	27	0.21774193548387097	GB299_gray_posteriors	28.022829038104437	38.07251818997675	26.862656472187247	similar to 0
-1.082016060302859	0.065548	0.7594795	GB300	100	gray_posteriors	84	4	0.047619047619047616	GB300_gray_posteriors	5.4032856016450985	7.428108326654176	6.446881909637956	similar to both, below 0
0.8935052386613233	0.3422925	0.023879	GB301	100	gray_posteriors	70	26	0.37142857142857144	GB301_gray_posteriors	28.27014924279464	29.095858501750435	21.349695951680157	similar to 1
-0.15805061326952324	0.21662373737373739	0.5561181818181818	GB302	99	gray_posteriors	106	4	0.03773584905660377	GB302_gray_posteriors	6.4236013431325825	7.535696188468967	6.562778392019952	similar to both, below 0
-21.1162278043488	0.3243474747474748	0.6695287878787879	GB303	99	gray_posteriors	80	1	0.0125	GB303_gray_posteriors	1.6294588284674436	1.9747446972823648	1.9537319244106315	singleton
-0.8215495718332856	0	0.9404435	GB304	100	gray_posteriors	90	20	0.2222222222222222	GB304_gray_posteriors	14.629200246350196	28.224832621413356	20.744381219243078	similar to 0
0.3988846050586858	0.0070425	0.164687	GB305	100	gray_posteriors	97	38	0.3917525773195876	GB305_gray_posteriors	33.59530240564485	40.66879001920917	28.848956946434473	similar to 0
0.3402855866260206	0.0312695	0.2599545	GB306	100	gray_posteriors	95	18	0.18947368421052632	GB306_gray_posteriors	22.24035136563171	26.71905691823533	19.904190541129232	similar to 0
0.7014992326127065	0.132702	0.0453735	GB309	100	gray_posteriors	122	23	0.1885245901639344	GB309_gray_posteriors	31.139812999661796	33.9360862374427	24.51397365832686	similar to 1
-0.3312369758254564	0	0.8113715	GB312	100	gray_posteriors	117	35	0.29914529914529914	GB312_gray_posteriors	25.962408924690628	43.59776411496317	30.2978556223323	similar to 0
0.5938008894689485	0.0202	0.03024	GB313	100	gray_posteriors	117	51	0.4358974358974359	GB313_gray_posteriors	43.53911374354885	49.95788199527866	34.11596038790153	dissimilar to both
-28.598472889473882	0.1501155	0.836061	GB314	100	gray_posteriors	113	1	0.008849557522123894	GB314_gray_posteriors	1.3748386486253872	1.9818921905609237	1.9594368843468155	singleton
			GB315	100	gray_posteriors	112	0	0	GB315_gray_posteriors				all same
0.4930299719708214	0.0229785	0.110122	GB316	100	gray_posteriors	118	27	0.2288135593220339	GB316_gray_posteriors	31.857131470843935	37.466121490259525	26.375529581934224	similar to 0
0.657268888732974	0.0979075	0.058569500000000004	GB317	100	gray_posteriors	116	21	0.1810344827586207	GB317_gray_posteriors	28.306295375868718	31.31287358430406	22.508718488183856	similar to both, between 0 & 1
0.0015441570873307889	1e-6	0.515287	GB318	100	gray_posteriors	118	56	0.4745762711864407	GB318_gray_posteriors	34.376613259917576	50.942414665388675	34.27760583705065	similar to 0
0.3668003256861869	0.284245	0.4211245	GB319	100	gray_posteriors	122	4	0.03278688524590164	GB319_gray_posteriors	6.943731292761349	7.576506873158728	6.585104844905586	similar to both, between 0 & 1
-0.5327590048915772	4.875e-4	0.8007125	GB320	100	gray_posteriors	119	11	0.09243697478991597	GB320_gray_posteriors	12.460999160334243	18.86820036878296	14.667676892575027	similar to 0
-0.20565773460025447	0.361786	0.530377	GB321	100	gray_posteriors	116	2	0.017241379310344827	GB321_gray_posteriors	3.5708229080740157	3.9003447223372323	3.6273190837532745	similar to both, below 0
			GB322	100	gray_posteriors	55	5	0.09090909090909091	GB322_gray_posteriors	7.119234617315951	8.738252019639123	7.501839343783898	
			GB323	100	gray_posteriors	53	1	0.018867924528301886	GB323_gray_posteriors	1.5457550621199692	1.9619517784503226	1.9332283727642108	singleton
0.7213782106328303	0.0950675	0.016184	GB324	100	gray_posteriors	109	39	0.3577981651376147	GB324_gray_posteriors	40.2271673950042	43.9341401904075	30.626469861436746	similar to 1
0.6021366971814197	0.392267	0.3413515	GB325	100	gray_posteriors	92	4	0.043478260869565216	GB325_gray_posteriors	7.068243725197648	7.463634438030588	6.439670819810567	similar to both, between 0 & 1
0.5862352546601434	0.1216185	0.1359275	GB326	100	gray_posteriors	105	16	0.1523809523809524	GB326_gray_posteriors	22.474382033027506	25.125973536839496	18.70679605331136	similar to both, between 0 & 1
-17.357201906083667	0.2795205	0.6969175	GB327	100	gray_posteriors	113	1	0.008849557522123894	GB327_gray_posteriors	1.6605552866394155	1.9822646222785807	1.960052647125875	singleton
-0.22838610087456832	0.25353	0.5688955	GB328	100	gray_posteriors	108	3	0.027777777777777776	GB328_gray_posteriors	4.994346484857081	5.742232139153476	5.131476981885496	similar to both, below 0
0.48671545436917446	0.2689915	0.34181	GB329	100	gray_posteriors	103	6	0.05825242718446602	GB329_gray_posteriors	9.979487353163629	10.902374016714715	9.093058215278573	similar to both, between 0 & 1
0.4595813275564613	0.226262	0.3258785	GB330	100	gray_posteriors	98	7	0.07142857142857142	GB330_gray_posteriors	11.208522074150238	12.433794769350826	10.151592444384226	similar to both, between 0 & 1
0.4417049847153334	0.1039465	0.249435	GB331	100	gray_posteriors	99	12	0.12121212121212122	GB331_gray_posteriors	17.263292431633662	19.69355116777392	15.323826212303004	similar to both, between 0 & 1
-0.8286268995801034	0	0.949642	GB333	100	gray_posteriors	120	21	0.175	GB333_gray_posteriors	15.77506226225562	31.73964300372364	22.97576993003848	similar to 0
-0.6677537766632781	0	0.957615	GB334	100	gray_posteriors	115	40	0.34782608695652173	GB334_gray_posteriors	22.26939934729379	46.14852966160021	31.772471252356283	similar to 0
-0.21513929378737953	0.002726	0.663233	GB335	100	gray_posteriors	117	14	0.11965811965811966	GB335_gray_posteriors	16.286213392541146	23.04231013924428	17.461438293572737	similar to 0
4.88236021327326	0.6027135	0.37897	GB336	100	gray_posteriors	109	1	0.009174311926605505	GB336_gray_posteriors	2.0918591498840415	1.9813635156344687	1.9545545605278452	singleton
1.4823445559434318	0.6948015	0.11435	GB400	100	gray_posteriors	102	5	0.049019607843137254	GB400_gray_posteriors	9.889149762924639	9.23514108661456	7.9011452490687395	similar to both, above 1
			GB401	100	gray_posteriors	65	24	0.36923076923076925	GB401_gray_posteriors	27.24195744413425	26.863159087066247	20.345696109012962	
17.639124338059478	0.6642725	0.315609	GB402	100	gray_posteriors	82	1	0.012195121951219513	GB402_gray_posteriors	2.2302957819043843	1.9759353958244814	1.954653317522497	singleton
-0.4073514815997455	7.559999999999999e-4	0.757034	GB403	100	gray_posteriors	86	13	0.1511627906976744	GB403_gray_posteriors	13.629066723640857	20.416720884691653	15.566852615508257	similar to 0
0.6142265063381782	0.0343535	0.031254	GB408	100	gray_posteriors	117	45	0.38461538461538464	GB408_gray_posteriors	42.840724989106796	48.72169202965446	33.45446075489236	dissimilar to both
-0.1547659274717963	1.2e-5	0.6646545	GB409	100	gray_posteriors	115	27	0.23478260869565218	GB409_gray_posteriors	24.93251507284684	37.17566518952322	26.52529259266769	similar to 0
0.9322394627600772	0.365135	0.002483	GB410	100	gray_posteriors	113	34	0.3008849557522124	GB410_gray_posteriors	41.25558919357919	42.0882784475512	29.814843195648443	similar to 1
0.8599777446571849	0.3369605	0.043293	GB415	100	gray_posteriors	92	16	0.17391304347826086	GB415_gray_posteriors	23.48287287489493	24.30399442994246	18.374039085513758	similar to 1
0.2860676772360253	0.004202	0.257849	GB421	100	gray_posteriors	92	31	0.33695652173913043	GB421_gray_posteriors	28.93228185264032	36.14297216908011	25.97503094421348	similar to 0
-0.929703367614606	0.055737	0.7452175	GB422	100	gray_posteriors	96	4	0.041666666666666664	GB422_gray_posteriors	5.632252214824374	7.484331169436891	6.5165500114518204	similar to both, below 0
-0.7242370259585971	5.5e-6	0.895084	GB430	100	gray_posteriors	123	15	0.12195121951219512	GB430_gray_posteriors	14.097185790977841	24.51412271626179	18.44424877945001	similar to 0
0.7414730847649277	0.2945095	0.143796	GB431	100	gray_posteriors	124	10	0.08064516129032258	GB431_gray_posteriors	16.48311900437607	17.460583561394934	13.688284890014405	similar to both, between 0 & 1
0.8545852753825877	0.360439	0.075077	GB432	100	gray_posteriors	122	12	0.09836065573770492	GB432_gray_posteriors	19.695939951696786	20.36333943759752	15.712178144418006	similar to both, between 0 & 1
-0.9626136950291492	0	0.985731	GB433	100	gray_posteriors	126	35	0.2777777777777778	GB433_gray_posteriors	18.1127962653162	44.84415041009922	31.174011662390814	similar to 0
0.4997917958271902	0.0172045	0.1013395	GB519	100	gray_posteriors	106	35	0.330188679245283	GB519_gray_posteriors	35.3679025503328	41.354505468934704	29.304709301303486	similar to 0
0.020312938426986258	1.515e-4	0.504865	GB520	100	gray_posteriors	120	26	0.21666666666666667	GB520_gray_posteriors	26.658370706548226	36.72020795045058	26.397027442932135	similar to 0
0.41655673529773884	0.002484	0.111472	GB521	100	gray_posteriors	117	51	0.4358974358974359	GB521_gray_posteriors	40.94706079427015	50.22181991258713	34.27567461054853	similar to 0
0.5696919049359332	0.040838	0.0735705	GB522	100	gray_posteriors	109	29	0.26605504587155965	GB522_gray_posteriors	33.315888011801384	37.93468286560673	27.130040722617526	similar to 0
